AI_Agency_raw,AI_Agency_centered,Conditional_slope,SE,t,p,Significant_p_lt_05
0.71,-2.4672,-1.4271999,0.2714115,-5.2584346,3.7e-06,True
0.7112475,-2.4659525,-1.4267805,0.2713124,-5.2588105,3.7e-06,True
0.712495,-2.464705,-1.4263612,0.2712133,-5.2591866,3.7e-06,True
0.7137425,-2.4634575,-1.4259418,0.2711141,-5.2595628,3.7e-06,True
0.71499,-2.46221,-1.4255225,0.271015,-5.2599392,3.7e-06,True
0.7162375,-2.4609625,-1.4251031,0.2709159,-5.2603158,3.7e-06,True
0.717485,-2.459715,-1.4246838,0.2708168,-5.2606925,3.6e-06,True
0.7187325,-2.4584675,-1.4242645,0.2707177,-5.2610694,3.6e-06,True
0.71998,-2.45722,-1.4238451,0.2706186,-5.2614465,3.6e-06,True
0.7212275,-2.4559725,-1.4234258,0.2705195,-5.2618238,3.6e-06,True
0.722475,-2.454725,-1.4230064,0.2704204,-5.2622012,3.6e-06,True
0.7237225,-2.4534775,-1.4225871,0.2703213,-5.2625788,3.6e-06,True
0.72497,-2.45223,-1.4221677,0.2702222,-5.2629566,3.6e-06,True
0.7262175,-2.4509825,-1.4217484,0.2701231,-5.2633345,3.6e-06,True
0.727465,-2.449735,-1.421329,0.2700241,-5.2637127,3.6e-06,True
0.7287125,-2.4484875,-1.4209097,0.269925,-5.264091,3.6e-06,True
0.72996,-2.44724,-1.4204904,0.2698259,-5.2644694,3.6e-06,True
0.7312075,-2.4459925,-1.420071,0.2697269,-5.2648481,3.6e-06,True
0.732455,-2.444745,-1.4196517,0.2696278,-5.2652269,3.6e-06,True
0.7337025,-2.4434975,-1.4192323,0.2695288,-5.2656059,3.6e-06,True
0.73495,-2.44225,-1.418813,0.2694297,-5.265985,3.6e-06,True
0.7361975,-2.4410025,-1.4183936,0.2693307,-5.2663643,3.6e-06,True
0.737445,-2.439755,-1.4179743,0.2692317,-5.2667438,3.6e-06,True
0.7386925,-2.4385075,-1.4175549,0.2691327,-5.2671235,3.6e-06,True
0.73994,-2.43726,-1.4171356,0.2690336,-5.2675034,3.6e-06,True
0.7411875,-2.4360125,-1.4167163,0.2689346,-5.2678834,3.6e-06,True
0.742435,-2.434765,-1.4162969,0.2688356,-5.2682636,3.6e-06,True
0.7436825,-2.4335175,-1.4158776,0.2687366,-5.268644,3.5e-06,True
0.74493,-2.43227,-1.4154582,0.2686376,-5.2690245,3.5e-06,True
0.7461775,-2.4310225,-1.4150389,0.2685386,-5.2694052,3.5e-06,True
0.747425,-2.429775,-1.4146195,0.2684396,-5.2697861,3.5e-06,True
0.7486725,-2.4285275,-1.4142002,0.2683407,-5.2701672,3.5e-06,True
0.74992,-2.42728,-1.4137808,0.2682417,-5.2705484,3.5e-06,True
0.7511675,-2.4260325,-1.4133615,0.2681427,-5.2709298,3.5e-06,True
0.752415,-2.424785,-1.4129422,0.2680438,-5.2713114,3.5e-06,True
0.7536625,-2.4235375,-1.4125228,0.2679448,-5.2716932,3.5e-06,True
0.75491,-2.42229,-1.4121035,0.2678459,-5.2720751,3.5e-06,True
0.7561575,-2.4210425,-1.4116841,0.2677469,-5.2724572,3.5e-06,True
0.757405,-2.419795,-1.4112648,0.267648,-5.2728395,3.5e-06,True
0.7586525,-2.4185475,-1.4108454,0.267549,-5.2732219,3.5e-06,True
0.7599,-2.4173,-1.4104261,0.2674501,-5.2736045,3.5e-06,True
0.7611475,-2.4160525,-1.4100067,0.2673512,-5.2739873,3.5e-06,True
0.762395,-2.414805,-1.4095874,0.2672523,-5.2743703,3.5e-06,True
0.7636425,-2.4135575,-1.4091681,0.2671533,-5.2747534,3.5e-06,True
0.76489,-2.41231,-1.4087487,0.2670544,-5.2751368,3.5e-06,True
0.7661375,-2.4110625,-1.4083294,0.2669555,-5.2755203,3.5e-06,True
0.767385,-2.409815,-1.40791,0.2668566,-5.2759039,3.5e-06,True
0.7686325,-2.4085675,-1.4074907,0.2667578,-5.2762878,3.5e-06,True
0.76988,-2.40732,-1.4070713,0.2666589,-5.2766718,3.5e-06,True
0.7711275,-2.4060725,-1.406652,0.26656,-5.277056,3.5e-06,True
0.772375,-2.404825,-1.4062326,0.2664611,-5.2774403,3.4e-06,True
0.7736225,-2.4035775,-1.4058133,0.2663622,-5.2778249,3.4e-06,True
0.77487,-2.40233,-1.405394,0.2662634,-5.2782096,3.4e-06,True
0.7761175,-2.4010825,-1.4049746,0.2661645,-5.2785945,3.4e-06,True
0.777365,-2.399835,-1.4045553,0.2660657,-5.2789795,3.4e-06,True
0.7786125,-2.3985875,-1.4041359,0.2659668,-5.2793648,3.4e-06,True
0.77986,-2.39734,-1.4037166,0.265868,-5.2797502,3.4e-06,True
0.7811075,-2.3960925,-1.4032972,0.2657692,-5.2801358,3.4e-06,True
0.782355,-2.394845,-1.4028779,0.2656703,-5.2805215,3.4e-06,True
0.7836025,-2.3935975,-1.4024585,0.2655715,-5.2809075,3.4e-06,True
0.78485,-2.39235,-1.4020392,0.2654727,-5.2812936,3.4e-06,True
0.7860975,-2.3911025,-1.4016199,0.2653739,-5.2816799,3.4e-06,True
0.787345,-2.389855,-1.4012005,0.2652751,-5.2820663,3.4e-06,True
0.7885925,-2.3886075,-1.4007812,0.2651763,-5.282453,3.4e-06,True
0.78984,-2.38736,-1.4003618,0.2650775,-5.2828398,3.4e-06,True
0.7910875,-2.3861125,-1.3999425,0.2649787,-5.2832268,3.4e-06,True
0.792335,-2.384865,-1.3995231,0.2648799,-5.2836139,3.4e-06,True
0.7935825,-2.3836175,-1.3991038,0.2647811,-5.2840012,3.4e-06,True
0.79483,-2.38237,-1.3986844,0.2646824,-5.2843888,3.4e-06,True
0.7960775,-2.3811225,-1.3982651,0.2645836,-5.2847764,3.4e-06,True
0.797325,-2.379875,-1.3978458,0.2644848,-5.2851643,3.4e-06,True
0.7985725,-2.3786275,-1.3974264,0.2643861,-5.2855523,3.4e-06,True
0.79982,-2.37738,-1.3970071,0.2642873,-5.2859405,3.3e-06,True
0.8010675,-2.3761325,-1.3965877,0.2641886,-5.2863289,3.3e-06,True
0.802315,-2.374885,-1.3961684,0.2640898,-5.2867175,3.3e-06,True
0.8035625,-2.3736375,-1.395749,0.2639911,-5.2871062,3.3e-06,True
0.80481,-2.37239,-1.3953297,0.2638924,-5.2874951,3.3e-06,True
0.8060575,-2.3711425,-1.3949103,0.2637937,-5.2878842,3.3e-06,True
0.807305,-2.369895,-1.394491,0.2636949,-5.2882735,3.3e-06,True
0.8085525,-2.3686475,-1.3940717,0.2635962,-5.2886629,3.3e-06,True
0.8098,-2.3674,-1.3936523,0.2634975,-5.2890525,3.3e-06,True
0.8110475,-2.3661525,-1.393233,0.2633988,-5.2894423,3.3e-06,True
0.812295,-2.364905,-1.3928136,0.2633001,-5.2898323,3.3e-06,True
0.8135425,-2.3636575,-1.3923943,0.2632015,-5.2902224,3.3e-06,True
0.81479,-2.36241,-1.3919749,0.2631028,-5.2906127,3.3e-06,True
0.8160375,-2.3611625,-1.3915556,0.2630041,-5.2910032,3.3e-06,True
0.817285,-2.359915,-1.3911362,0.2629054,-5.2913939,3.3e-06,True
0.8185325,-2.3586675,-1.3907169,0.2628068,-5.2917847,3.3e-06,True
0.81978,-2.35742,-1.3902976,0.2627081,-5.2921758,3.3e-06,True
0.8210275,-2.3561725,-1.3898782,0.2626095,-5.2925669,3.3e-06,True
0.822275,-2.354925,-1.3894589,0.2625108,-5.2929583,3.3e-06,True
0.8235225,-2.3536775,-1.3890395,0.2624122,-5.2933499,3.3e-06,True
0.82477,-2.35243,-1.3886202,0.2623136,-5.2937416,3.3e-06,True
0.8260175,-2.3511825,-1.3882008,0.2622149,-5.2941335,3.3e-06,True
0.827265,-2.349935,-1.3877815,0.2621163,-5.2945256,3.3e-06,True
0.8285125,-2.3486875,-1.3873621,0.2620177,-5.2949178,3.2e-06,True
0.82976,-2.34744,-1.3869428,0.2619191,-5.2953102,3.2e-06,True
0.8310075,-2.3461925,-1.3865235,0.2618205,-5.2957028,3.2e-06,True
0.832255,-2.344945,-1.3861041,0.2617219,-5.2960956,3.2e-06,True
0.8335025,-2.3436975,-1.3856848,0.2616233,-5.2964886,3.2e-06,True
0.83475,-2.34245,-1.3852654,0.2615247,-5.2968817,3.2e-06,True
0.8359975,-2.3412025,-1.3848461,0.2614261,-5.297275,3.2e-06,True
0.837245,-2.339955,-1.3844267,0.2613276,-5.2976685,3.2e-06,True
0.8384925,-2.3387075,-1.3840074,0.261229,-5.2980622,3.2e-06,True
0.83974,-2.33746,-1.383588,0.2611304,-5.298456,3.2e-06,True
0.8409875,-2.3362125,-1.3831687,0.2610319,-5.29885,3.2e-06,True
0.842235,-2.334965,-1.3827494,0.2609333,-5.2992442,3.2e-06,True
0.8434825,-2.3337175,-1.38233,0.2608348,-5.2996386,3.2e-06,True
0.84473,-2.33247,-1.3819107,0.2607362,-5.3000331,3.2e-06,True
0.8459775,-2.3312225,-1.3814913,0.2606377,-5.3004278,3.2e-06,True
0.847225,-2.329975,-1.381072,0.2605392,-5.3008227,3.2e-06,True
0.8484725,-2.3287275,-1.3806526,0.2604407,-5.3012178,3.2e-06,True
0.84972,-2.32748,-1.3802333,0.2603421,-5.3016131,3.2e-06,True
0.8509675,-2.3262325,-1.3798139,0.2602436,-5.3020085,3.2e-06,True
0.852215,-2.324985,-1.3793946,0.2601451,-5.3024041,3.2e-06,True
0.8534625,-2.3237375,-1.3789753,0.2600466,-5.3027999,3.2e-06,True
0.85471,-2.32249,-1.3785559,0.2599481,-5.3031958,3.2e-06,True
0.8559575,-2.3212425,-1.3781366,0.2598497,-5.303592,3.2e-06,True
0.857205,-2.319995,-1.3777172,0.2597512,-5.3039883,3.1e-06,True
0.8584525,-2.3187475,-1.3772979,0.2596527,-5.3043848,3.1e-06,True
0.8597,-2.3175,-1.3768785,0.2595542,-5.3047814,3.1e-06,True
0.8609475,-2.3162525,-1.3764592,0.2594558,-5.3051783,3.1e-06,True
0.862195,-2.315005,-1.3760398,0.2593573,-5.3055753,3.1e-06,True
0.8634425,-2.3137575,-1.3756205,0.2592589,-5.3059725,3.1e-06,True
0.86469,-2.31251,-1.3752012,0.2591604,-5.3063699,3.1e-06,True
0.8659375,-2.3112625,-1.3747818,0.259062,-5.3067674,3.1e-06,True
0.867185,-2.310015,-1.3743625,0.2589636,-5.3071652,3.1e-06,True
0.8684325,-2.3087675,-1.3739431,0.2588652,-5.3075631,3.1e-06,True
0.86968,-2.30752,-1.3735238,0.2587667,-5.3079612,3.1e-06,True
0.8709275,-2.3062725,-1.3731044,0.2586683,-5.3083594,3.1e-06,True
0.872175,-2.305025,-1.3726851,0.2585699,-5.3087579,3.1e-06,True
0.8734225,-2.3037775,-1.3722658,0.2584715,-5.3091565,3.1e-06,True
0.87467,-2.30253,-1.3718464,0.2583731,-5.3095553,3.1e-06,True
0.8759175,-2.3012825,-1.3714271,0.2582747,-5.3099542,3.1e-06,True
0.877165,-2.300035,-1.3710077,0.2581764,-5.3103534,3.1e-06,True
0.8784125,-2.2987875,-1.3705884,0.258078,-5.3107527,3.1e-06,True
0.87966,-2.29754,-1.370169,0.2579796,-5.3111522,3.1e-06,True
0.8809075,-2.2962925,-1.3697497,0.2578813,-5.3115519,3.1e-06,True
0.882155,-2.295045,-1.3693303,0.2577829,-5.3119518,3.1e-06,True
0.8834025,-2.2937975,-1.368911,0.2576846,-5.3123518,3.1e-06,True
0.88465,-2.29255,-1.3684917,0.2575862,-5.312752,3.1e-06,True
0.8858975,-2.2913025,-1.3680723,0.2574879,-5.3131524,3.1e-06,True
0.887145,-2.290055,-1.367653,0.2573895,-5.313553,3e-06,True
0.8883925,-2.2888075,-1.3672336,0.2572912,-5.3139537,3e-06,True
0.88964,-2.28756,-1.3668143,0.2571929,-5.3143546,3e-06,True
0.8908875,-2.2863125,-1.3663949,0.2570946,-5.3147557,3e-06,True
0.892135,-2.285065,-1.3659756,0.2569963,-5.315157,3e-06,True
0.8933825,-2.2838175,-1.3655562,0.256898,-5.3155585,3e-06,True
0.89463,-2.28257,-1.3651369,0.2567997,-5.3159601,3e-06,True
0.8958775,-2.2813225,-1.3647176,0.2567014,-5.3163619,3e-06,True
0.897125,-2.280075,-1.3642982,0.2566031,-5.3167639,3e-06,True
0.8983725,-2.2788275,-1.3638789,0.2565048,-5.3171661,3e-06,True
0.89962,-2.27758,-1.3634595,0.2564066,-5.3175684,3e-06,True
0.9008675,-2.2763325,-1.3630402,0.2563083,-5.317971,3e-06,True
0.902115,-2.275085,-1.3626208,0.2562101,-5.3183737,3e-06,True
0.9033625,-2.2738375,-1.3622015,0.2561118,-5.3187766,3e-06,True
0.90461,-2.27259,-1.3617821,0.2560136,-5.3191796,3e-06,True
0.9058575,-2.2713425,-1.3613628,0.2559153,-5.3195829,3e-06,True
0.907105,-2.270095,-1.3609435,0.2558171,-5.3199863,3e-06,True
0.9083525,-2.2688475,-1.3605241,0.2557189,-5.3203899,3e-06,True
0.9096,-2.2676,-1.3601048,0.2556207,-5.3207936,3e-06,True
0.9108475,-2.2663525,-1.3596854,0.2555224,-5.3211976,3e-06,True
0.912095,-2.265105,-1.3592661,0.2554242,-5.3216017,3e-06,True
0.9133425,-2.2638575,-1.3588467,0.255326,-5.322006,3e-06,True
0.91459,-2.26261,-1.3584274,0.2552278,-5.3224105,3e-06,True
0.9158375,-2.2613625,-1.358008,0.2551297,-5.3228152,3e-06,True
0.917085,-2.260115,-1.3575887,0.2550315,-5.32322,2.9e-06,True
0.9183325,-2.2588675,-1.3571694,0.2549333,-5.323625,2.9e-06,True
0.91958,-2.25762,-1.35675,0.2548351,-5.3240302,2.9e-06,True
0.9208275,-2.2563725,-1.3563307,0.254737,-5.3244356,2.9e-06,True
0.922075,-2.255125,-1.3559113,0.2546388,-5.3248412,2.9e-06,True
0.9233225,-2.2538775,-1.355492,0.2545407,-5.3252469,2.9e-06,True
0.92457,-2.25263,-1.3550726,0.2544425,-5.3256528,2.9e-06,True
0.9258175,-2.2513825,-1.3546533,0.2543444,-5.3260589,2.9e-06,True
0.927065,-2.250135,-1.3542339,0.2542463,-5.3264652,2.9e-06,True
0.9283125,-2.2488875,-1.3538146,0.2541482,-5.3268716,2.9e-06,True
0.92956,-2.24764,-1.3533953,0.25405,-5.3272783,2.9e-06,True
0.9308075,-2.2463925,-1.3529759,0.2539519,-5.3276851,2.9e-06,True
0.932055,-2.245145,-1.3525566,0.2538538,-5.328092,2.9e-06,True
0.9333025,-2.2438975,-1.3521372,0.2537557,-5.3284992,2.9e-06,True
0.93455,-2.24265,-1.3517179,0.2536576,-5.3289065,2.9e-06,True
0.9357975,-2.2414025,-1.3512985,0.2535596,-5.3293141,2.9e-06,True
0.937045,-2.240155,-1.3508792,0.2534615,-5.3297218,2.9e-06,True
0.9382925,-2.2389075,-1.3504598,0.2533634,-5.3301296,2.9e-06,True
0.93954,-2.23766,-1.3500405,0.2532654,-5.3305377,2.9e-06,True
0.9407875,-2.2364125,-1.3496212,0.2531673,-5.3309459,2.9e-06,True
0.942035,-2.235165,-1.3492018,0.2530692,-5.3313543,2.9e-06,True
0.9432825,-2.2339175,-1.3487825,0.2529712,-5.3317629,2.9e-06,True
0.94453,-2.23267,-1.3483631,0.2528732,-5.3321717,2.9e-06,True
0.9457775,-2.2314225,-1.3479438,0.2527751,-5.3325807,2.9e-06,True
0.947025,-2.230175,-1.3475244,0.2526771,-5.3329898,2.9e-06,True
0.9482725,-2.2289275,-1.3471051,0.2525791,-5.3333991,2.8e-06,True
0.94952,-2.22768,-1.3466857,0.2524811,-5.3338086,2.8e-06,True
0.9507675,-2.2264325,-1.3462664,0.2523831,-5.3342182,2.8e-06,True
0.952015,-2.225185,-1.3458471,0.2522851,-5.3346281,2.8e-06,True
0.9532625,-2.2239375,-1.3454277,0.2521871,-5.3350381,2.8e-06,True
0.95451,-2.22269,-1.3450084,0.2520891,-5.3354483,2.8e-06,True
0.9557575,-2.2214425,-1.344589,0.2519911,-5.3358587,2.8e-06,True
0.957005,-2.220195,-1.3441697,0.2518932,-5.3362692,2.8e-06,True
0.9582525,-2.2189475,-1.3437503,0.2517952,-5.33668,2.8e-06,True
0.9595,-2.2177,-1.343331,0.2516972,-5.3370909,2.8e-06,True
0.9607475,-2.2164525,-1.3429116,0.2515993,-5.337502,2.8e-06,True
0.961995,-2.215205,-1.3424923,0.2515013,-5.3379133,2.8e-06,True
0.9632425,-2.2139575,-1.342073,0.2514034,-5.3383247,2.8e-06,True
0.96449,-2.21271,-1.3416536,0.2513055,-5.3387363,2.8e-06,True
0.9657375,-2.2114625,-1.3412343,0.2512075,-5.3391482,2.8e-06,True
0.966985,-2.210215,-1.3408149,0.2511096,-5.3395601,2.8e-06,True
0.9682325,-2.2089675,-1.3403956,0.2510117,-5.3399723,2.8e-06,True
0.96948,-2.20772,-1.3399762,0.2509138,-5.3403847,2.8e-06,True
0.9707275,-2.2064725,-1.3395569,0.2508159,-5.3407972,2.8e-06,True
0.971975,-2.205225,-1.3391375,0.250718,-5.3412099,2.8e-06,True
0.9732225,-2.2039775,-1.3387182,0.2506201,-5.3416228,2.8e-06,True
0.97447,-2.20273,-1.3382989,0.2505223,-5.3420358,2.8e-06,True
0.9757175,-2.2014825,-1.3378795,0.2504244,-5.3424491,2.8e-06,True
0.976965,-2.200235,-1.3374602,0.2503265,-5.3428625,2.8e-06,True
0.9782125,-2.1989875,-1.3370408,0.2502287,-5.3432761,2.8e-06,True
0.97946,-2.19774,-1.3366215,0.2501308,-5.3436899,2.8e-06,True
0.9807075,-2.1964925,-1.3362021,0.250033,-5.3441038,2.7e-06,True
0.981955,-2.195245,-1.3357828,0.2499351,-5.344518,2.7e-06,True
0.9832025,-2.1939975,-1.3353634,0.2498373,-5.3449323,2.7e-06,True
0.98445,-2.19275,-1.3349441,0.2497395,-5.3453468,2.7e-06,True
0.9856975,-2.1915025,-1.3345248,0.2496417,-5.3457615,2.7e-06,True
0.986945,-2.190255,-1.3341054,0.2495438,-5.3461763,2.7e-06,True
0.9881925,-2.1890075,-1.3336861,0.249446,-5.3465914,2.7e-06,True
0.98944,-2.18776,-1.3332667,0.2493482,-5.3470066,2.7e-06,True
0.9906875,-2.1865125,-1.3328474,0.2492505,-5.347422,2.7e-06,True
0.991935,-2.185265,-1.332428,0.2491527,-5.3478375,2.7e-06,True
0.9931825,-2.1840175,-1.3320087,0.2490549,-5.3482533,2.7e-06,True
0.99443,-2.18277,-1.3315893,0.2489571,-5.3486692,2.7e-06,True
0.9956775,-2.1815225,-1.33117,0.2488594,-5.3490853,2.7e-06,True
0.996925,-2.180275,-1.3307507,0.2487616,-5.3495016,2.7e-06,True
0.9981725,-2.1790275,-1.3303313,0.2486639,-5.3499181,2.7e-06,True
0.99942,-2.17778,-1.329912,0.2485661,-5.3503347,2.7e-06,True
1.0006675,-2.1765325,-1.3294926,0.2484684,-5.3507515,2.7e-06,True
1.001915,-2.175285,-1.3290733,0.2483707,-5.3511685,2.7e-06,True
1.0031625,-2.1740375,-1.3286539,0.2482729,-5.3515857,2.7e-06,True
1.00441,-2.17279,-1.3282346,0.2481752,-5.3520031,2.7e-06,True
1.0056575,-2.1715425,-1.3278152,0.2480775,-5.3524206,2.7e-06,True
1.006905,-2.170295,-1.3273959,0.2479798,-5.3528383,2.7e-06,True
1.0081525,-2.1690475,-1.3269766,0.2478821,-5.3532562,2.7e-06,True
1.0094,-2.1678,-1.3265572,0.2477844,-5.3536743,2.7e-06,True
1.0106475,-2.1665525,-1.3261379,0.2476868,-5.3540926,2.7e-06,True
1.011895,-2.165305,-1.3257185,0.2475891,-5.354511,2.7e-06,True
1.0131425,-2.1640575,-1.3252992,0.2474914,-5.3549296,2.6e-06,True
1.01439,-2.16281,-1.3248798,0.2473938,-5.3553484,2.6e-06,True
1.0156375,-2.1615625,-1.3244605,0.2472961,-5.3557674,2.6e-06,True
1.016885,-2.160315,-1.3240411,0.2471985,-5.3561865,2.6e-06,True
1.0181325,-2.1590675,-1.3236218,0.2471008,-5.3566059,2.6e-06,True
1.01938,-2.15782,-1.3232025,0.2470032,-5.3570254,2.6e-06,True
1.0206275,-2.1565725,-1.3227831,0.2469056,-5.3574451,2.6e-06,True
1.021875,-2.155325,-1.3223638,0.246808,-5.3578649,2.6e-06,True
1.0231225,-2.1540775,-1.3219444,0.2467104,-5.358285,2.6e-06,True
1.02437,-2.15283,-1.3215251,0.2466128,-5.3587052,2.6e-06,True
1.0256175,-2.1515825,-1.3211057,0.2465152,-5.3591256,2.6e-06,True
1.026865,-2.150335,-1.3206864,0.2464176,-5.3595462,2.6e-06,True
1.0281125,-2.1490875,-1.3202671,0.24632,-5.359967,2.6e-06,True
1.02936,-2.14784,-1.3198477,0.2462224,-5.3603879,2.6e-06,True
1.0306075,-2.1465925,-1.3194284,0.2461249,-5.360809,2.6e-06,True
1.031855,-2.145345,-1.319009,0.2460273,-5.3612303,2.6e-06,True
1.0331025,-2.1440975,-1.3185897,0.2459297,-5.3616518,2.6e-06,True
1.03435,-2.14285,-1.3181703,0.2458322,-5.3620735,2.6e-06,True
1.0355975,-2.1416025,-1.317751,0.2457347,-5.3624953,2.6e-06,True
1.036845,-2.140355,-1.3173316,0.2456371,-5.3629173,2.6e-06,True
1.0380925,-2.1391075,-1.3169123,0.2455396,-5.3633395,2.6e-06,True
1.03934,-2.13786,-1.316493,0.2454421,-5.3637619,2.6e-06,True
1.0405875,-2.1366125,-1.3160736,0.2453446,-5.3641845,2.6e-06,True
1.041835,-2.135365,-1.3156543,0.2452471,-5.3646072,2.6e-06,True
1.0430825,-2.1341175,-1.3152349,0.2451496,-5.3650301,2.6e-06,True
1.04433,-2.13287,-1.3148156,0.2450521,-5.3654532,2.6e-06,True
1.0455775,-2.1316225,-1.3143962,0.2449546,-5.3658765,2.6e-06,True
1.046825,-2.130375,-1.3139769,0.2448571,-5.3662999,2.5e-06,True
1.0480725,-2.1291275,-1.3135575,0.2447597,-5.3667235,2.5e-06,True
1.04932,-2.12788,-1.3131382,0.2446622,-5.3671473,2.5e-06,True
1.0505675,-2.1266325,-1.3127189,0.2445648,-5.3675713,2.5e-06,True
1.051815,-2.125385,-1.3122995,0.2444673,-5.3679955,2.5e-06,True
1.0530625,-2.1241375,-1.3118802,0.2443699,-5.3684198,2.5e-06,True
1.05431,-2.12289,-1.3114608,0.2442725,-5.3688443,2.5e-06,True
1.0555575,-2.1216425,-1.3110415,0.244175,-5.3692691,2.5e-06,True
1.056805,-2.120395,-1.3106221,0.2440776,-5.3696939,2.5e-06,True
1.0580525,-2.1191475,-1.3102028,0.2439802,-5.370119,2.5e-06,True
1.0593,-2.1179,-1.3097834,0.2438828,-5.3705442,2.5e-06,True
1.0605475,-2.1166525,-1.3093641,0.2437854,-5.3709696,2.5e-06,True
1.061795,-2.115405,-1.3089448,0.243688,-5.3713952,2.5e-06,True
1.0630425,-2.1141575,-1.3085254,0.2435907,-5.371821,2.5e-06,True
1.06429,-2.11291,-1.3081061,0.2434933,-5.372247,2.5e-06,True
1.0655375,-2.1116625,-1.3076867,0.2433959,-5.3726731,2.5e-06,True
1.066785,-2.110415,-1.3072674,0.2432986,-5.3730994,2.5e-06,True
1.0680325,-2.1091675,-1.306848,0.2432012,-5.3735259,2.5e-06,True
1.06928,-2.10792,-1.3064287,0.2431039,-5.3739526,2.5e-06,True
1.0705275,-2.1066725,-1.3060093,0.2430065,-5.3743794,2.5e-06,True
1.071775,-2.105425,-1.30559,0.2429092,-5.3748064,2.5e-06,True
1.0730225,-2.1041775,-1.3051707,0.2428119,-5.3752336,2.5e-06,True
1.07427,-2.10293,-1.3047513,0.2427146,-5.375661,2.5e-06,True
1.0755175,-2.1016825,-1.304332,0.2426173,-5.3760886,2.5e-06,True
1.076765,-2.100435,-1.3039126,0.24252,-5.3765163,2.5e-06,True
1.0780125,-2.0991875,-1.3034933,0.2424227,-5.3769442,2.5e-06,True
1.07926,-2.09794,-1.3030739,0.2423254,-5.3773723,2.5e-06,True
1.0805075,-2.0966925,-1.3026546,0.2422281,-5.3778006,2.4e-06,True
1.081755,-2.095445,-1.3022352,0.2421309,-5.378229,2.4e-06,True
1.0830025,-2.0941975,-1.3018159,0.2420336,-5.3786577,2.4e-06,True
1.08425,-2.09295,-1.3013966,0.2419364,-5.3790865,2.4e-06,True
1.0854975,-2.0917025,-1.3009772,0.2418391,-5.3795155,2.4e-06,True
1.086745,-2.090455,-1.3005579,0.2417419,-5.3799446,2.4e-06,True
1.0879925,-2.0892075,-1.3001385,0.2416446,-5.380374,2.4e-06,True
1.08924,-2.08796,-1.2997192,0.2415474,-5.3808035,2.4e-06,True
1.0904875,-2.0867125,-1.2992998,0.2414502,-5.3812332,2.4e-06,True
1.091735,-2.085465,-1.2988805,0.241353,-5.3816631,2.4e-06,True
1.0929825,-2.0842175,-1.2984611,0.2412558,-5.3820931,2.4e-06,True
1.09423,-2.08297,-1.2980418,0.2411586,-5.3825233,2.4e-06,True
1.0954775,-2.0817225,-1.2976225,0.2410614,-5.3829538,2.4e-06,True
1.096725,-2.080475,-1.2972031,0.2409642,-5.3833843,2.4e-06,True
1.0979725,-2.0792275,-1.2967838,0.2408671,-5.3838151,2.4e-06,True
1.09922,-2.07798,-1.2963644,0.2407699,-5.3842461,2.4e-06,True
1.1004675,-2.0767325,-1.2959451,0.2406728,-5.3846772,2.4e-06,True
1.101715,-2.075485,-1.2955257,0.2405756,-5.3851085,2.4e-06,True
1.1029625,-2.0742375,-1.2951064,0.2404785,-5.38554,2.4e-06,True
1.10421,-2.07299,-1.294687,0.2403813,-5.3859716,2.4e-06,True
1.1054575,-2.0717425,-1.2942677,0.2402842,-5.3864035,2.4e-06,True
1.106705,-2.070495,-1.2938484,0.2401871,-5.3868355,2.4e-06,True
1.1079525,-2.0692475,-1.293429,0.24009,-5.3872677,2.4e-06,True
1.1092,-2.068,-1.2930097,0.2399929,-5.3877,2.4e-06,True
1.1104475,-2.0667525,-1.2925903,0.2398958,-5.3881326,2.4e-06,True
1.111695,-2.065505,-1.292171,0.2397987,-5.3885653,2.4e-06,True
1.1129425,-2.0642575,-1.2917516,0.2397016,-5.3889982,2.4e-06,True
1.11419,-2.06301,-1.2913323,0.2396046,-5.3894313,2.4e-06,True
1.1154375,-2.0617625,-1.2909129,0.2395075,-5.3898645,2.4e-06,True
1.116685,-2.060515,-1.2904936,0.2394104,-5.390298,2.3e-06,True
1.1179325,-2.0592675,-1.2900743,0.2393134,-5.3907316,2.3e-06,True
1.11918,-2.05802,-1.2896549,0.2392164,-5.3911654,2.3e-06,True
1.1204275,-2.0567725,-1.2892356,0.2391193,-5.3915993,2.3e-06,True
1.121675,-2.055525,-1.2888162,0.2390223,-5.3920335,2.3e-06,True
1.1229225,-2.0542775,-1.2883969,0.2389253,-5.3924678,2.3e-06,True
1.12417,-2.05303,-1.2879775,0.2388283,-5.3929023,2.3e-06,True
1.1254175,-2.0517825,-1.2875582,0.2387313,-5.393337,2.3e-06,True
1.126665,-2.050535,-1.2871388,0.2386343,-5.3937718,2.3e-06,True
1.1279125,-2.0492875,-1.2867195,0.2385373,-5.3942069,2.3e-06,True
1.12916,-2.04804,-1.2863002,0.2384403,-5.3946421,2.3e-06,True
1.1304075,-2.0467925,-1.2858808,0.2383433,-5.3950775,2.3e-06,True
1.131655,-2.045545,-1.2854615,0.2382464,-5.395513,2.3e-06,True
1.1329025,-2.0442975,-1.2850421,0.2381494,-5.3959488,2.3e-06,True
1.13415,-2.04305,-1.2846228,0.2380525,-5.3963847,2.3e-06,True
1.1353975,-2.0418025,-1.2842034,0.2379555,-5.3968208,2.3e-06,True
1.136645,-2.040555,-1.2837841,0.2378586,-5.397257,2.3e-06,True
1.1378925,-2.0393075,-1.2833647,0.2377617,-5.3976935,2.3e-06,True
1.13914,-2.03806,-1.2829454,0.2376648,-5.3981301,2.3e-06,True
1.1403875,-2.0368125,-1.2825261,0.2375679,-5.3985669,2.3e-06,True
1.141635,-2.035565,-1.2821067,0.237471,-5.3990039,2.3e-06,True
1.1428825,-2.0343175,-1.2816874,0.2373741,-5.399441,2.3e-06,True
1.14413,-2.03307,-1.281268,0.2372772,-5.3998784,2.3e-06,True
1.1453775,-2.0318225,-1.2808487,0.2371803,-5.4003159,2.3e-06,True
1.146625,-2.030575,-1.2804293,0.2370835,-5.4007536,2.3e-06,True
1.1478725,-2.0293275,-1.28001,0.2369866,-5.4011914,2.3e-06,True
1.14912,-2.02808,-1.2795906,0.2368897,-5.4016294,2.3e-06,True
1.1503675,-2.0268325,-1.2791713,0.2367929,-5.4020677,2.3e-06,True
1.151615,-2.025585,-1.278752,0.2366961,-5.402506,2.3e-06,True
1.1528625,-2.0243375,-1.2783326,0.2365992,-5.4029446,2.2e-06,True
1.15411,-2.02309,-1.2779133,0.2365024,-5.4033834,2.2e-06,True
1.1553575,-2.0218425,-1.2774939,0.2364056,-5.4038223,2.2e-06,True
1.156605,-2.020595,-1.2770746,0.2363088,-5.4042614,2.2e-06,True
1.1578525,-2.0193475,-1.2766552,0.236212,-5.4047006,2.2e-06,True
1.1591,-2.0181,-1.2762359,0.2361152,-5.4051401,2.2e-06,True
1.1603475,-2.0168525,-1.2758165,0.2360185,-5.4055797,2.2e-06,True
1.161595,-2.015605,-1.2753972,0.2359217,-5.4060195,2.2e-06,True
1.1628425,-2.0143575,-1.2749779,0.2358249,-5.4064595,2.2e-06,True
1.16409,-2.01311,-1.2745585,0.2357282,-5.4068996,2.2e-06,True
1.1653375,-2.0118625,-1.2741392,0.2356314,-5.4073399,2.2e-06,True
1.166585,-2.010615,-1.2737198,0.2355347,-5.4077804,2.2e-06,True
1.1678325,-2.0093675,-1.2733005,0.2354379,-5.4082211,2.2e-06,True
1.16908,-2.00812,-1.2728811,0.2353412,-5.408662,2.2e-06,True
1.1703275,-2.0068725,-1.2724618,0.2352445,-5.409103,2.2e-06,True
1.171575,-2.005625,-1.2720424,0.2351478,-5.4095442,2.2e-06,True
1.1728225,-2.0043775,-1.2716231,0.2350511,-5.4099856,2.2e-06,True
1.17407,-2.00313,-1.2712038,0.2349544,-5.4104271,2.2e-06,True
1.1753175,-2.0018825,-1.2707844,0.2348577,-5.4108688,2.2e-06,True
1.176565,-2.000635,-1.2703651,0.2347611,-5.4113108,2.2e-06,True
1.1778125,-1.9993875,-1.2699457,0.2346644,-5.4117528,2.2e-06,True
1.17906,-1.99814,-1.2695264,0.2345677,-5.4121951,2.2e-06,True
1.1803075,-1.9968925,-1.269107,0.2344711,-5.4126375,2.2e-06,True
1.181555,-1.995645,-1.2686877,0.2343745,-5.4130801,2.2e-06,True
1.1828025,-1.9943975,-1.2682684,0.2342778,-5.4135229,2.2e-06,True
1.18405,-1.99315,-1.267849,0.2341812,-5.4139658,2.2e-06,True
1.1852975,-1.9919025,-1.2674297,0.2340846,-5.414409,2.2e-06,True
1.186545,-1.990655,-1.2670103,0.233988,-5.4148523,2.2e-06,True
1.1877925,-1.9894075,-1.266591,0.2338914,-5.4152957,2.2e-06,True
1.18904,-1.98816,-1.2661716,0.2337948,-5.4157394,2.2e-06,True
1.1902875,-1.9869125,-1.2657523,0.2336982,-5.4161832,2.1e-06,True
1.191535,-1.985665,-1.2653329,0.2336016,-5.4166272,2.1e-06,True
1.1927825,-1.9844175,-1.2649136,0.2335051,-5.4170714,2.1e-06,True
1.19403,-1.98317,-1.2644943,0.2334085,-5.4175157,2.1e-06,True
1.1952775,-1.9819225,-1.2640749,0.233312,-5.4179603,2.1e-06,True
1.196525,-1.980675,-1.2636556,0.2332154,-5.418405,2.1e-06,True
1.1977725,-1.9794275,-1.2632362,0.2331189,-5.4188498,2.1e-06,True
1.19902,-1.97818,-1.2628169,0.2330224,-5.4192949,2.1e-06,True
1.2002675,-1.9769325,-1.2623975,0.2329258,-5.4197401,2.1e-06,True
1.201515,-1.975685,-1.2619782,0.2328293,-5.4201855,2.1e-06,True
1.2027625,-1.9744375,-1.2615588,0.2327328,-5.420631,2.1e-06,True
1.20401,-1.97319,-1.2611395,0.2326363,-5.4210768,2.1e-06,True
1.2052575,-1.9719425,-1.2607202,0.2325399,-5.4215227,2.1e-06,True
1.206505,-1.970695,-1.2603008,0.2324434,-5.4219688,2.1e-06,True
1.2077525,-1.9694475,-1.2598815,0.2323469,-5.422415,2.1e-06,True
1.209,-1.9682,-1.2594621,0.2322505,-5.4228615,2.1e-06,True
1.2102475,-1.9669525,-1.2590428,0.232154,-5.4233081,2.1e-06,True
1.211495,-1.965705,-1.2586234,0.2320576,-5.4237549,2.1e-06,True
1.2127425,-1.9644575,-1.2582041,0.2319611,-5.4242018,2.1e-06,True
1.21399,-1.96321,-1.2577847,0.2318647,-5.4246489,2.1e-06,True
1.2152375,-1.9619625,-1.2573654,0.2317683,-5.4250962,2.1e-06,True
1.216485,-1.960715,-1.2569461,0.2316719,-5.4255437,2.1e-06,True
1.2177325,-1.9594675,-1.2565267,0.2315755,-5.4259914,2.1e-06,True
1.21898,-1.95822,-1.2561074,0.2314791,-5.4264392,2.1e-06,True
1.2202275,-1.9569725,-1.255688,0.2313827,-5.4268872,2.1e-06,True
1.221475,-1.955725,-1.2552687,0.2312864,-5.4273353,2.1e-06,True
1.2227225,-1.9544775,-1.2548493,0.23119,-5.4277837,2.1e-06,True
1.22397,-1.95323,-1.25443,0.2310937,-5.4282322,2.1e-06,True
1.2252175,-1.9519825,-1.2540106,0.2309973,-5.4286808,2.1e-06,True
1.226465,-1.950735,-1.2535913,0.230901,-5.4291297,2.1e-06,True
1.2277125,-1.9494875,-1.253172,0.2308046,-5.4295787,2.1e-06,True
1.22896,-1.94824,-1.2527526,0.2307083,-5.4300279,2.1e-06,True
1.2302075,-1.9469925,-1.2523333,0.230612,-5.4304773,2e-06,True
1.231455,-1.945745,-1.2519139,0.2305157,-5.4309268,2e-06,True
1.2327025,-1.9444975,-1.2514946,0.2304194,-5.4313765,2e-06,True
1.23395,-1.94325,-1.2510752,0.2303231,-5.4318264,2e-06,True
1.2351975,-1.9420025,-1.2506559,0.2302268,-5.4322765,2e-06,True
1.236445,-1.940755,-1.2502365,0.2301306,-5.4327267,2e-06,True
1.2376925,-1.9395075,-1.2498172,0.2300343,-5.4331771,2e-06,True
1.23894,-1.93826,-1.2493979,0.2299381,-5.4336276,2e-06,True
1.2401875,-1.9370125,-1.2489785,0.2298418,-5.4340784,2e-06,True
1.241435,-1.935765,-1.2485592,0.2297456,-5.4345293,2e-06,True
1.2426825,-1.9345175,-1.2481398,0.2296494,-5.4349804,2e-06,True
1.24393,-1.93327,-1.2477205,0.2295532,-5.4354316,2e-06,True
1.2451775,-1.9320225,-1.2473011,0.2294569,-5.435883,2e-06,True
1.246425,-1.930775,-1.2468818,0.2293608,-5.4363346,2e-06,True
1.2476725,-1.9295275,-1.2464624,0.2292646,-5.4367864,2e-06,True
1.24892,-1.92828,-1.2460431,0.2291684,-5.4372383,2e-06,True
1.2501675,-1.9270325,-1.2456238,0.2290722,-5.4376904,2e-06,True
1.251415,-1.925785,-1.2452044,0.228976,-5.4381427,2e-06,True
1.2526625,-1.9245375,-1.2447851,0.2288799,-5.4385951,2e-06,True
1.25391,-1.92329,-1.2443657,0.2287837,-5.4390478,2e-06,True
1.2551575,-1.9220425,-1.2439464,0.2286876,-5.4395005,2e-06,True
1.256405,-1.920795,-1.243527,0.2285915,-5.4399535,2e-06,True
1.2576525,-1.9195475,-1.2431077,0.2284954,-5.4404066,2e-06,True
1.2589,-1.9183,-1.2426883,0.2283993,-5.4408599,2e-06,True
1.2601475,-1.9170525,-1.242269,0.2283032,-5.4413134,2e-06,True
1.261395,-1.915805,-1.2418497,0.2282071,-5.441767,2e-06,True
1.2626425,-1.9145575,-1.2414303,0.228111,-5.4422208,2e-06,True
1.26389,-1.91331,-1.241011,0.2280149,-5.4426748,2e-06,True
1.2651375,-1.9120625,-1.2405916,0.2279188,-5.4431289,2e-06,True
1.266385,-1.910815,-1.2401723,0.2278228,-5.4435832,2e-06,True
1.2676325,-1.9095675,-1.2397529,0.2277267,-5.4440377,2e-06,True
1.26888,-1.90832,-1.2393336,0.2276307,-5.4444924,2e-06,True
1.2701275,-1.9070725,-1.2389142,0.2275347,-5.4449472,1.9e-06,True
1.271375,-1.905825,-1.2384949,0.2274386,-5.4454022,1.9e-06,True
1.2726225,-1.9045775,-1.2380756,0.2273426,-5.4458573,1.9e-06,True
1.27387,-1.90333,-1.2376562,0.2272466,-5.4463126,1.9e-06,True
1.2751175,-1.9020825,-1.2372369,0.2271506,-5.4467681,1.9e-06,True
1.276365,-1.900835,-1.2368175,0.2270547,-5.4472238,1.9e-06,True
1.2776125,-1.8995875,-1.2363982,0.2269587,-5.4476796,1.9e-06,True
1.27886,-1.89834,-1.2359788,0.2268627,-5.4481356,1.9e-06,True
1.2801075,-1.8970925,-1.2355595,0.2267668,-5.4485918,1.9e-06,True
1.281355,-1.895845,-1.2351401,0.2266708,-5.4490481,1.9e-06,True
1.2826025,-1.8945975,-1.2347208,0.2265749,-5.4495046,1.9e-06,True
1.28385,-1.89335,-1.2343015,0.2264789,-5.4499612,1.9e-06,True
1.2850975,-1.8921025,-1.2338821,0.226383,-5.4504181,1.9e-06,True
1.286345,-1.890855,-1.2334628,0.2262871,-5.4508751,1.9e-06,True
1.2875925,-1.8896075,-1.2330434,0.2261912,-5.4513322,1.9e-06,True
1.28884,-1.88836,-1.2326241,0.2260953,-5.4517896,1.9e-06,True
1.2900875,-1.8871125,-1.2322047,0.2259994,-5.4522471,1.9e-06,True
1.291335,-1.885865,-1.2317854,0.2259036,-5.4527047,1.9e-06,True
1.2925825,-1.8846175,-1.231366,0.2258077,-5.4531626,1.9e-06,True
1.29383,-1.88337,-1.2309467,0.2257118,-5.4536206,1.9e-06,True
1.2950775,-1.8821225,-1.2305274,0.225616,-5.4540787,1.9e-06,True
1.296325,-1.880875,-1.230108,0.2255201,-5.4545371,1.9e-06,True
1.2975725,-1.8796275,-1.2296887,0.2254243,-5.4549955,1.9e-06,True
1.29882,-1.87838,-1.2292693,0.2253285,-5.4554542,1.9e-06,True
1.3000675,-1.8771325,-1.22885,0.2252327,-5.455913,1.9e-06,True
1.301315,-1.875885,-1.2284306,0.2251369,-5.456372,1.9e-06,True
1.3025625,-1.8746375,-1.2280113,0.2250411,-5.4568312,1.9e-06,True
1.30381,-1.87339,-1.2275919,0.2249453,-5.4572905,1.9e-06,True
1.3050575,-1.8721425,-1.2271726,0.2248495,-5.45775,1.9e-06,True
1.306305,-1.870895,-1.2267533,0.2247538,-5.4582097,1.9e-06,True
1.3075525,-1.8696475,-1.2263339,0.224658,-5.4586695,1.9e-06,True
1.3088,-1.8684,-1.2259146,0.2245623,-5.4591295,1.9e-06,True
1.3100475,-1.8671525,-1.2254952,0.2244665,-5.4595896,1.9e-06,True
1.311295,-1.865905,-1.2250759,0.2243708,-5.4600499,1.9e-06,True
1.3125425,-1.8646575,-1.2246565,0.2242751,-5.4605104,1.8e-06,True
1.31379,-1.86341,-1.2242372,0.2241794,-5.460971,1.8e-06,True
1.3150375,-1.8621625,-1.2238178,0.2240837,-5.4614318,1.8e-06,True
1.316285,-1.860915,-1.2233985,0.223988,-5.4618928,1.8e-06,True
1.3175325,-1.8596675,-1.2229792,0.2238923,-5.462354,1.8e-06,True
1.31878,-1.85842,-1.2225598,0.2237967,-5.4628152,1.8e-06,True
1.3200275,-1.8571725,-1.2221405,0.223701,-5.4632767,1.8e-06,True
1.321275,-1.855925,-1.2217211,0.2236054,-5.4637383,1.8e-06,True
1.3225225,-1.8546775,-1.2213018,0.2235097,-5.4642001,1.8e-06,True
1.32377,-1.85343,-1.2208824,0.2234141,-5.4646621,1.8e-06,True
1.3250175,-1.8521825,-1.2204631,0.2233185,-5.4651242,1.8e-06,True
1.326265,-1.850935,-1.2200437,0.2232228,-5.4655865,1.8e-06,True
1.3275125,-1.8496875,-1.2196244,0.2231272,-5.4660489,1.8e-06,True
1.32876,-1.84844,-1.2192051,0.2230316,-5.4665115,1.8e-06,True
1.3300075,-1.8471925,-1.2187857,0.2229361,-5.4669743,1.8e-06,True
1.331255,-1.845945,-1.2183664,0.2228405,-5.4674372,1.8e-06,True
1.3325025,-1.8446975,-1.217947,0.2227449,-5.4679003,1.8e-06,True
1.33375,-1.84345,-1.2175277,0.2226494,-5.4683635,1.8e-06,True
1.3349975,-1.8422025,-1.2171083,0.2225538,-5.4688269,1.8e-06,True
1.336245,-1.840955,-1.216689,0.2224583,-5.4692905,1.8e-06,True
1.3374925,-1.8397075,-1.2162697,0.2223628,-5.4697542,1.8e-06,True
1.33874,-1.83846,-1.2158503,0.2222672,-5.4702181,1.8e-06,True
1.3399875,-1.8372125,-1.215431,0.2221717,-5.4706822,1.8e-06,True
1.341235,-1.835965,-1.2150116,0.2220762,-5.4711464,1.8e-06,True
1.3424825,-1.8347175,-1.2145923,0.2219808,-5.4716108,1.8e-06,True
1.34373,-1.83347,-1.2141729,0.2218853,-5.4720753,1.8e-06,True
1.3449775,-1.8322225,-1.2137536,0.2217898,-5.47254,1.8e-06,True
1.346225,-1.830975,-1.2133342,0.2216943,-5.4730049,1.8e-06,True
1.3474725,-1.8297275,-1.2129149,0.2215989,-5.4734699,1.8e-06,True
1.34872,-1.82848,-1.2124956,0.2215035,-5.4739351,1.8e-06,True
1.3499675,-1.8272325,-1.2120762,0.221408,-5.4744004,1.8e-06,True
1.351215,-1.825985,-1.2116569,0.2213126,-5.4748659,1.8e-06,True
1.3524625,-1.8247375,-1.2112375,0.2212172,-5.4753316,1.8e-06,True
1.35371,-1.82349,-1.2108182,0.2211218,-5.4757974,1.8e-06,True
1.3549575,-1.8222425,-1.2103988,0.2210264,-5.4762634,1.8e-06,True
1.356205,-1.820995,-1.2099795,0.220931,-5.4767295,1.7e-06,True
1.3574525,-1.8197475,-1.2095601,0.2208357,-5.4771958,1.7e-06,True
1.3587,-1.8185,-1.2091408,0.2207403,-5.4776623,1.7e-06,True
1.3599475,-1.8172525,-1.2087215,0.2206449,-5.4781289,1.7e-06,True
1.361195,-1.816005,-1.2083021,0.2205496,-5.4785956,1.7e-06,True
1.3624425,-1.8147575,-1.2078828,0.2204543,-5.4790626,1.7e-06,True
1.36369,-1.81351,-1.2074634,0.220359,-5.4795297,1.7e-06,True
1.3649375,-1.8122625,-1.2070441,0.2202636,-5.4799969,1.7e-06,True
1.366185,-1.811015,-1.2066247,0.2201683,-5.4804643,1.7e-06,True
1.3674325,-1.8097675,-1.2062054,0.220073,-5.4809319,1.7e-06,True
1.36868,-1.80852,-1.205786,0.2199778,-5.4813996,1.7e-06,True
1.3699275,-1.8072725,-1.2053667,0.2198825,-5.4818675,1.7e-06,True
1.371175,-1.806025,-1.2049474,0.2197872,-5.4823355,1.7e-06,True
1.3724225,-1.8047775,-1.204528,0.219692,-5.4828037,1.7e-06,True
1.37367,-1.80353,-1.2041087,0.2195967,-5.483272,1.7e-06,True
1.3749175,-1.8022825,-1.2036893,0.2195015,-5.4837405,1.7e-06,True
1.376165,-1.801035,-1.20327,0.2194063,-5.4842092,1.7e-06,True
1.3774125,-1.7997875,-1.2028506,0.2193111,-5.484678,1.7e-06,True
1.37866,-1.79854,-1.2024313,0.2192159,-5.4851469,1.7e-06,True
1.3799075,-1.7972925,-1.2020119,0.2191207,-5.4856161,1.7e-06,True
1.381155,-1.796045,-1.2015926,0.2190255,-5.4860853,1.7e-06,True
1.3824025,-1.7947975,-1.2011733,0.2189303,-5.4865548,1.7e-06,True
1.38365,-1.79355,-1.2007539,0.2188352,-5.4870244,1.7e-06,True
1.3848975,-1.7923025,-1.2003346,0.21874,-5.4874941,1.7e-06,True
1.386145,-1.791055,-1.1999152,0.2186449,-5.487964,1.7e-06,True
1.3873925,-1.7898075,-1.1994959,0.2185497,-5.4884341,1.7e-06,True
1.38864,-1.78856,-1.1990765,0.2184546,-5.4889043,1.7e-06,True
1.3898875,-1.7873125,-1.1986572,0.2183595,-5.4893746,1.7e-06,True
1.391135,-1.786065,-1.1982378,0.2182644,-5.4898451,1.7e-06,True
1.3923825,-1.7848175,-1.1978185,0.2181693,-5.4903158,1.7e-06,True
1.39363,-1.78357,-1.1973992,0.2180742,-5.4907866,1.7e-06,True
1.3948775,-1.7823225,-1.1969798,0.2179792,-5.4912576,1.7e-06,True
1.396125,-1.781075,-1.1965605,0.2178841,-5.4917287,1.7e-06,True
1.3973725,-1.7798275,-1.1961411,0.2177891,-5.4922,1.7e-06,True
1.39862,-1.77858,-1.1957218,0.217694,-5.4926714,1.7e-06,True
1.3998675,-1.7773325,-1.1953024,0.217599,-5.493143,1.7e-06,True
1.401115,-1.776085,-1.1948831,0.217504,-5.4936147,1.7e-06,True
1.4023625,-1.7748375,-1.1944637,0.217409,-5.4940866,1.6e-06,True
1.40361,-1.77359,-1.1940444,0.217314,-5.4945587,1.6e-06,True
1.4048575,-1.7723425,-1.1936251,0.217219,-5.4950309,1.6e-06,True
1.406105,-1.771095,-1.1932057,0.217124,-5.4955032,1.6e-06,True
1.4073525,-1.7698475,-1.1927864,0.217029,-5.4959757,1.6e-06,True
1.4086,-1.7686,-1.192367,0.2169341,-5.4964483,1.6e-06,True
1.4098475,-1.7673525,-1.1919477,0.2168391,-5.4969211,1.6e-06,True
1.411095,-1.766105,-1.1915283,0.2167442,-5.4973941,1.6e-06,True
1.4123425,-1.7648575,-1.191109,0.2166493,-5.4978672,1.6e-06,True
1.41359,-1.76361,-1.1906896,0.2165544,-5.4983404,1.6e-06,True
1.4148375,-1.7623625,-1.1902703,0.2164595,-5.4988138,1.6e-06,True
1.416085,-1.761115,-1.189851,0.2163646,-5.4992874,1.6e-06,True
1.4173325,-1.7598675,-1.1894316,0.2162697,-5.4997611,1.6e-06,True
1.41858,-1.75862,-1.1890123,0.2161748,-5.5002349,1.6e-06,True
1.4198275,-1.7573725,-1.1885929,0.21608,-5.5007089,1.6e-06,True
1.421075,-1.756125,-1.1881736,0.2159851,-5.501183,1.6e-06,True
1.4223225,-1.7548775,-1.1877542,0.2158903,-5.5016573,1.6e-06,True
1.42357,-1.75363,-1.1873349,0.2157954,-5.5021318,1.6e-06,True
1.4248175,-1.7523825,-1.1869155,0.2157006,-5.5026063,1.6e-06,True
1.426065,-1.751135,-1.1864962,0.2156058,-5.5030811,1.6e-06,True
1.4273125,-1.7498875,-1.1860769,0.215511,-5.503556,1.6e-06,True
1.42856,-1.74864,-1.1856575,0.2154162,-5.504031,1.6e-06,True
1.4298075,-1.7473925,-1.1852382,0.2153214,-5.5045062,1.6e-06,True
1.431055,-1.746145,-1.1848188,0.2152267,-5.5049815,1.6e-06,True
1.4323025,-1.7448975,-1.1843995,0.2151319,-5.505457,1.6e-06,True
1.43355,-1.74365,-1.1839801,0.2150372,-5.5059326,1.6e-06,True
1.4347975,-1.7424025,-1.1835608,0.2149424,-5.5064083,1.6e-06,True
1.436045,-1.741155,-1.1831414,0.2148477,-5.5068842,1.6e-06,True
1.4372925,-1.7399075,-1.1827221,0.214753,-5.5073603,1.6e-06,True
1.43854,-1.73866,-1.1823028,0.2146583,-5.5078365,1.6e-06,True
1.4397875,-1.7374125,-1.1818834,0.2145636,-5.5083128,1.6e-06,True
1.441035,-1.736165,-1.1814641,0.2144689,-5.5087893,1.6e-06,True
1.4422825,-1.7349175,-1.1810447,0.2143742,-5.5092659,1.6e-06,True
1.44353,-1.73367,-1.1806254,0.2142796,-5.5097427,1.6e-06,True
1.4447775,-1.7324225,-1.180206,0.2141849,-5.5102196,1.6e-06,True
1.446025,-1.731175,-1.1797867,0.2140903,-5.5106967,1.6e-06,True
1.4472725,-1.7299275,-1.1793673,0.2139957,-5.5111739,1.6e-06,True
1.44852,-1.72868,-1.178948,0.2139011,-5.5116513,1.6e-06,True
1.4497675,-1.7274325,-1.1785287,0.2138064,-5.5121288,1.5e-06,True
1.451015,-1.726185,-1.1781093,0.2137119,-5.5126064,1.5e-06,True
1.4522625,-1.7249375,-1.17769,0.2136173,-5.5130842,1.5e-06,True
1.45351,-1.72369,-1.1772706,0.2135227,-5.5135621,1.5e-06,True
1.4547575,-1.7224425,-1.1768513,0.2134281,-5.5140402,1.5e-06,True
1.456005,-1.721195,-1.1764319,0.2133336,-5.5145184,1.5e-06,True
1.4572525,-1.7199475,-1.1760126,0.213239,-5.5149967,1.5e-06,True
1.4585,-1.7187,-1.1755932,0.2131445,-5.5154752,1.5e-06,True
1.4597475,-1.7174525,-1.1751739,0.21305,-5.5159538,1.5e-06,True
1.460995,-1.716205,-1.1747546,0.2129555,-5.5164326,1.5e-06,True
1.4622425,-1.7149575,-1.1743352,0.212861,-5.5169115,1.5e-06,True
1.46349,-1.71371,-1.1739159,0.2127665,-5.5173906,1.5e-06,True
1.4647375,-1.7124625,-1.1734965,0.212672,-5.5178698,1.5e-06,True
1.465985,-1.711215,-1.1730772,0.2125776,-5.5183491,1.5e-06,True
1.4672325,-1.7099675,-1.1726578,0.2124831,-5.5188286,1.5e-06,True
1.46848,-1.70872,-1.1722385,0.2123887,-5.5193082,1.5e-06,True
1.4697275,-1.7074725,-1.1718191,0.2122942,-5.5197879,1.5e-06,True
1.470975,-1.706225,-1.1713998,0.2121998,-5.5202678,1.5e-06,True
1.4722225,-1.7049775,-1.1709805,0.2121054,-5.5207479,1.5e-06,True
1.47347,-1.70373,-1.1705611,0.212011,-5.521228,1.5e-06,True
1.4747175,-1.7024825,-1.1701418,0.2119166,-5.5217083,1.5e-06,True
1.475965,-1.701235,-1.1697224,0.2118222,-5.5221888,1.5e-06,True
1.4772125,-1.6999875,-1.1693031,0.2117279,-5.5226693,1.5e-06,True
1.47846,-1.69874,-1.1688837,0.2116335,-5.5231501,1.5e-06,True
1.4797075,-1.6974925,-1.1684644,0.2115392,-5.5236309,1.5e-06,True
1.480955,-1.696245,-1.168045,0.2114449,-5.5241119,1.5e-06,True
1.4822025,-1.6949975,-1.1676257,0.2113505,-5.524593,1.5e-06,True
1.48345,-1.69375,-1.1672064,0.2112562,-5.5250743,1.5e-06,True
1.4846975,-1.6925025,-1.166787,0.2111619,-5.5255557,1.5e-06,True
1.485945,-1.691255,-1.1663677,0.2110676,-5.5260372,1.5e-06,True
1.4871925,-1.6900075,-1.1659483,0.2109734,-5.5265189,1.5e-06,True
1.48844,-1.68876,-1.165529,0.2108791,-5.5270007,1.5e-06,True
1.4896875,-1.6875125,-1.1651096,0.2107849,-5.5274826,1.5e-06,True
1.490935,-1.686265,-1.1646903,0.2106906,-5.5279647,1.5e-06,True
1.4921825,-1.6850175,-1.164271,0.2105964,-5.5284469,1.5e-06,True
1.49343,-1.68377,-1.1638516,0.2105022,-5.5289292,1.5e-06,True
1.4946775,-1.6825225,-1.1634323,0.210408,-5.5294117,1.5e-06,True
1.495925,-1.681275,-1.1630129,0.2103138,-5.5298943,1.5e-06,True
1.4971725,-1.6800275,-1.1625936,0.2102196,-5.530377,1.5e-06,True
1.49842,-1.67878,-1.1621742,0.2101254,-5.5308599,1.5e-06,True
1.4996675,-1.6775325,-1.1617549,0.2100313,-5.5313429,1.5e-06,True
1.500915,-1.676285,-1.1613355,0.2099371,-5.531826,1.4e-06,True
1.5021625,-1.6750375,-1.1609162,0.209843,-5.5323093,1.4e-06,True
1.50341,-1.67379,-1.1604969,0.2097488,-5.5327927,1.4e-06,True
1.5046575,-1.6725425,-1.1600775,0.2096547,-5.5332762,1.4e-06,True
1.505905,-1.671295,-1.1596582,0.2095606,-5.5337599,1.4e-06,True
1.5071525,-1.6700475,-1.1592388,0.2094665,-5.5342436,1.4e-06,True
1.5084,-1.6688,-1.1588195,0.2093725,-5.5347276,1.4e-06,True
1.5096475,-1.6675525,-1.1584001,0.2092784,-5.5352116,1.4e-06,True
1.510895,-1.666305,-1.1579808,0.2091843,-5.5356958,1.4e-06,True
1.5121425,-1.6650575,-1.1575614,0.2090903,-5.5361801,1.4e-06,True
1.51339,-1.66381,-1.1571421,0.2089962,-5.5366645,1.4e-06,True
1.5146375,-1.6625625,-1.1567228,0.2089022,-5.5371491,1.4e-06,True
1.515885,-1.661315,-1.1563034,0.2088082,-5.5376338,1.4e-06,True
1.5171325,-1.6600675,-1.1558841,0.2087142,-5.5381186,1.4e-06,True
1.51838,-1.65882,-1.1554647,0.2086202,-5.5386035,1.4e-06,True
1.5196275,-1.6575725,-1.1550454,0.2085263,-5.5390886,1.4e-06,True
1.520875,-1.656325,-1.154626,0.2084323,-5.5395738,1.4e-06,True
1.5221225,-1.6550775,-1.1542067,0.2083383,-5.5400591,1.4e-06,True
1.52337,-1.65383,-1.1537873,0.2082444,-5.5405446,1.4e-06,True
1.5246175,-1.6525825,-1.153368,0.2081505,-5.5410301,1.4e-06,True
1.525865,-1.651335,-1.1529487,0.2080565,-5.5415158,1.4e-06,True
1.5271125,-1.6500875,-1.1525293,0.2079626,-5.5420016,1.4e-06,True
1.52836,-1.64884,-1.15211,0.2078687,-5.5424876,1.4e-06,True
1.5296075,-1.6475925,-1.1516906,0.2077749,-5.5429737,1.4e-06,True
1.530855,-1.646345,-1.1512713,0.207681,-5.5434599,1.4e-06,True
1.5321025,-1.6450975,-1.1508519,0.2075871,-5.5439462,1.4e-06,True
1.53335,-1.64385,-1.1504326,0.2074933,-5.5444326,1.4e-06,True
1.5345975,-1.6426025,-1.1500132,0.2073995,-5.5449192,1.4e-06,True
1.535845,-1.641355,-1.1495939,0.2073056,-5.5454059,1.4e-06,True
1.5370925,-1.6401075,-1.1491746,0.2072118,-5.5458927,1.4e-06,True
1.53834,-1.63886,-1.1487552,0.207118,-5.5463796,1.4e-06,True
1.5395875,-1.6376125,-1.1483359,0.2070242,-5.5468667,1.4e-06,True
1.540835,-1.636365,-1.1479165,0.2069305,-5.5473539,1.4e-06,True
1.5420825,-1.6351175,-1.1474972,0.2068367,-5.5478411,1.4e-06,True
1.54333,-1.63387,-1.1470778,0.206743,-5.5483286,1.4e-06,True
1.5445775,-1.6326225,-1.1466585,0.2066492,-5.5488161,1.4e-06,True
1.545825,-1.631375,-1.1462391,0.2065555,-5.5493038,1.4e-06,True
1.5470725,-1.6301275,-1.1458198,0.2064618,-5.5497915,1.4e-06,True
1.54832,-1.62888,-1.1454005,0.2063681,-5.5502794,1.4e-06,True
1.5495675,-1.6276325,-1.1449811,0.2062744,-5.5507674,1.4e-06,True
1.550815,-1.626385,-1.1445618,0.2061807,-5.5512556,1.4e-06,True
1.5520625,-1.6251375,-1.1441424,0.206087,-5.5517438,1.4e-06,True
1.55331,-1.62389,-1.1437231,0.2059934,-5.5522322,1.4e-06,True
1.5545575,-1.6226425,-1.1433037,0.2058997,-5.5527207,1.3e-06,True
1.555805,-1.621395,-1.1428844,0.2058061,-5.5532093,1.3e-06,True
1.5570525,-1.6201475,-1.142465,0.2057125,-5.553698,1.3e-06,True
1.5583,-1.6189,-1.1420457,0.2056189,-5.5541868,1.3e-06,True
1.5595475,-1.6176525,-1.1416264,0.2055253,-5.5546758,1.3e-06,True
1.560795,-1.616405,-1.141207,0.2054317,-5.5551648,1.3e-06,True
1.5620425,-1.6151575,-1.1407877,0.2053381,-5.555654,1.3e-06,True
1.56329,-1.61391,-1.1403683,0.2052446,-5.5561433,1.3e-06,True
1.5645375,-1.6126625,-1.139949,0.205151,-5.5566327,1.3e-06,True
1.565785,-1.611415,-1.1395296,0.2050575,-5.5571222,1.3e-06,True
1.5670325,-1.6101675,-1.1391103,0.204964,-5.5576119,1.3e-06,True
1.56828,-1.60892,-1.1386909,0.2048705,-5.5581016,1.3e-06,True
1.5695275,-1.6076725,-1.1382716,0.204777,-5.5585915,1.3e-06,True
1.570775,-1.606425,-1.1378523,0.2046835,-5.5590814,1.3e-06,True
1.5720225,-1.6051775,-1.1374329,0.20459,-5.5595715,1.3e-06,True
1.57327,-1.60393,-1.1370136,0.2044966,-5.5600617,1.3e-06,True
1.5745175,-1.6026825,-1.1365942,0.2044031,-5.560552,1.3e-06,True
1.575765,-1.601435,-1.1361749,0.2043097,-5.5610424,1.3e-06,True
1.5770125,-1.6001875,-1.1357555,0.2042163,-5.561533,1.3e-06,True
1.57826,-1.59894,-1.1353362,0.2041229,-5.5620236,1.3e-06,True
1.5795075,-1.5976925,-1.1349168,0.2040295,-5.5625143,1.3e-06,True
1.580755,-1.596445,-1.1344975,0.2039361,-5.5630052,1.3e-06,True
1.5820025,-1.5951975,-1.1340782,0.2038427,-5.5634962,1.3e-06,True
1.58325,-1.59395,-1.1336588,0.2037494,-5.5639872,1.3e-06,True
1.5844975,-1.5927025,-1.1332395,0.203656,-5.5644784,1.3e-06,True
1.585745,-1.591455,-1.1328201,0.2035627,-5.5649697,1.3e-06,True
1.5869925,-1.5902075,-1.1324008,0.2034694,-5.5654611,1.3e-06,True
1.58824,-1.58896,-1.1319814,0.203376,-5.5659526,1.3e-06,True
1.5894875,-1.5877125,-1.1315621,0.2032828,-5.5664442,1.3e-06,True
1.590735,-1.586465,-1.1311427,0.2031895,-5.5669359,1.3e-06,True
1.5919825,-1.5852175,-1.1307234,0.2030962,-5.5674277,1.3e-06,True
1.59323,-1.58397,-1.1303041,0.2030029,-5.5679196,1.3e-06,True
1.5944775,-1.5827225,-1.1298847,0.2029097,-5.5684117,1.3e-06,True
1.595725,-1.581475,-1.1294654,0.2028165,-5.5689038,1.3e-06,True
1.5969725,-1.5802275,-1.129046,0.2027232,-5.569396,1.3e-06,True
1.59822,-1.57898,-1.1286267,0.20263,-5.5698884,1.3e-06,True
1.5994675,-1.5777325,-1.1282073,0.2025368,-5.5703808,1.3e-06,True
1.600715,-1.576485,-1.127788,0.2024437,-5.5708733,1.3e-06,True
1.6019625,-1.5752375,-1.1273686,0.2023505,-5.571366,1.3e-06,True
1.60321,-1.57399,-1.1269493,0.2022573,-5.5718587,1.3e-06,True
1.6044575,-1.5727425,-1.12653,0.2021642,-5.5723516,1.3e-06,True
1.605705,-1.571495,-1.1261106,0.2020711,-5.5728445,1.3e-06,True
1.6069525,-1.5702475,-1.1256913,0.2019779,-5.5733376,1.3e-06,True
1.6082,-1.569,-1.1252719,0.2018848,-5.5738307,1.3e-06,True
1.6094475,-1.5677525,-1.1248526,0.2017917,-5.5743239,1.3e-06,True
1.610695,-1.566505,-1.1244332,0.2016987,-5.5748173,1.2e-06,True
1.6119425,-1.5652575,-1.1240139,0.2016056,-5.5753107,1.2e-06,True
1.61319,-1.56401,-1.1235945,0.2015126,-5.5758043,1.2e-06,True
1.6144375,-1.5627625,-1.1231752,0.2014195,-5.5762979,1.2e-06,True
1.615685,-1.561515,-1.1227559,0.2013265,-5.5767916,1.2e-06,True
1.6169325,-1.5602675,-1.1223365,0.2012335,-5.5772854,1.2e-06,True
1.61818,-1.55902,-1.1219172,0.2011405,-5.5777794,1.2e-06,True
1.6194275,-1.5577725,-1.1214978,0.2010475,-5.5782734,1.2e-06,True
1.620675,-1.556525,-1.1210785,0.2009545,-5.5787675,1.2e-06,True
1.6219225,-1.5552775,-1.1206591,0.2008615,-5.5792617,1.2e-06,True
1.62317,-1.55403,-1.1202398,0.2007686,-5.579756,1.2e-06,True
1.6244175,-1.5527825,-1.1198204,0.2006757,-5.5802504,1.2e-06,True
1.625665,-1.551535,-1.1194011,0.2005827,-5.5807449,1.2e-06,True
1.6269125,-1.5502875,-1.1189818,0.2004898,-5.5812395,1.2e-06,True
1.62816,-1.54904,-1.1185624,0.2003969,-5.5817342,1.2e-06,True
1.6294075,-1.5477925,-1.1181431,0.2003041,-5.5822289,1.2e-06,True
1.630655,-1.546545,-1.1177237,0.2002112,-5.5827238,1.2e-06,True
1.6319025,-1.5452975,-1.1173044,0.2001183,-5.5832187,1.2e-06,True
1.63315,-1.54405,-1.116885,0.2000255,-5.5837138,1.2e-06,True
1.6343975,-1.5428025,-1.1164657,0.1999327,-5.5842089,1.2e-06,True
1.635645,-1.541555,-1.1160463,0.1998398,-5.5847041,1.2e-06,True
1.6368925,-1.5403075,-1.115627,0.199747,-5.5851994,1.2e-06,True
1.63814,-1.53906,-1.1152077,0.1996542,-5.5856948,1.2e-06,True
1.6393875,-1.5378125,-1.1147883,0.1995615,-5.5861903,1.2e-06,True
1.640635,-1.536565,-1.114369,0.1994687,-5.5866859,1.2e-06,True
1.6418825,-1.5353175,-1.1139496,0.199376,-5.5871815,1.2e-06,True
1.64313,-1.53407,-1.1135303,0.1992832,-5.5876772,1.2e-06,True
1.6443775,-1.5328225,-1.1131109,0.1991905,-5.5881731,1.2e-06,True
1.645625,-1.531575,-1.1126916,0.1990978,-5.588669,1.2e-06,True
1.6468725,-1.5303275,-1.1122723,0.1990051,-5.589165,1.2e-06,True
1.64812,-1.52908,-1.1118529,0.1989124,-5.5896611,1.2e-06,True
1.6493675,-1.5278325,-1.1114336,0.1988197,-5.5901572,1.2e-06,True
1.650615,-1.526585,-1.1110142,0.1987271,-5.5906535,1.2e-06,True
1.6518625,-1.5253375,-1.1105949,0.1986344,-5.5911498,1.2e-06,True
1.65311,-1.52409,-1.1101755,0.1985418,-5.5916462,1.2e-06,True
1.6543575,-1.5228425,-1.1097562,0.1984492,-5.5921427,1.2e-06,True
1.655605,-1.521595,-1.1093368,0.1983566,-5.5926393,1.2e-06,True
1.6568525,-1.5203475,-1.1089175,0.198264,-5.5931359,1.2e-06,True
1.6581,-1.5191,-1.1084982,0.1981714,-5.5936327,1.2e-06,True
1.6593475,-1.5178525,-1.1080788,0.1980789,-5.5941295,1.2e-06,True
1.660595,-1.516605,-1.1076595,0.1979863,-5.5946264,1.2e-06,True
1.6618425,-1.5153575,-1.1072401,0.1978938,-5.5951234,1.2e-06,True
1.66309,-1.51411,-1.1068208,0.1978013,-5.5956204,1.2e-06,True
1.6643375,-1.5128625,-1.1064014,0.1977088,-5.5961175,1.2e-06,True
1.665585,-1.511615,-1.1059821,0.1976163,-5.5966147,1.2e-06,True
1.6668325,-1.5103675,-1.1055627,0.1975238,-5.597112,1.2e-06,True
1.66808,-1.50912,-1.1051434,0.1974313,-5.5976094,1.2e-06,True
1.6693275,-1.5078725,-1.1047241,0.1973389,-5.5981068,1.2e-06,True
1.670575,-1.506625,-1.1043047,0.1972464,-5.5986043,1.2e-06,True
1.6718225,-1.5053775,-1.1038854,0.197154,-5.5991019,1.2e-06,True
1.67307,-1.50413,-1.103466,0.1970616,-5.5995996,1.1e-06,True
1.6743175,-1.5028825,-1.1030467,0.1969692,-5.6000973,1.1e-06,True
1.675565,-1.501635,-1.1026273,0.1968768,-5.6005951,1.1e-06,True
1.6768125,-1.5003875,-1.102208,0.1967844,-5.601093,1.1e-06,True
1.67806,-1.49914,-1.1017886,0.1966921,-5.6015909,1.1e-06,True
1.6793075,-1.4978925,-1.1013693,0.1965998,-5.6020889,1.1e-06,True
1.680555,-1.496645,-1.10095,0.1965074,-5.602587,1.1e-06,True
1.6818025,-1.4953975,-1.1005306,0.1964151,-5.6030851,1.1e-06,True
1.68305,-1.49415,-1.1001113,0.1963228,-5.6035834,1.1e-06,True
1.6842975,-1.4929025,-1.0996919,0.1962305,-5.6040817,1.1e-06,True
1.685545,-1.491655,-1.0992726,0.1961383,-5.60458,1.1e-06,True
1.6867925,-1.4904075,-1.0988532,0.196046,-5.6050784,1.1e-06,True
1.68804,-1.48916,-1.0984339,0.1959538,-5.6055769,1.1e-06,True
1.6892875,-1.4879125,-1.0980145,0.1958615,-5.6060755,1.1e-06,True
1.690535,-1.486665,-1.0975952,0.1957693,-5.6065741,1.1e-06,True
1.6917825,-1.4854175,-1.0971759,0.1956771,-5.6070728,1.1e-06,True
1.69303,-1.48417,-1.0967565,0.1955849,-5.6075716,1.1e-06,True
1.6942775,-1.4829225,-1.0963372,0.1954928,-5.6080704,1.1e-06,True
1.695525,-1.481675,-1.0959178,0.1954006,-5.6085693,1.1e-06,True
1.6967725,-1.4804275,-1.0954985,0.1953085,-5.6090682,1.1e-06,True
1.69802,-1.47918,-1.0950791,0.1952163,-5.6095672,1.1e-06,True
1.6992675,-1.4779325,-1.0946598,0.1951242,-5.6100663,1.1e-06,True
1.700515,-1.476685,-1.0942404,0.1950321,-5.6105654,1.1e-06,True
1.7017625,-1.4754375,-1.0938211,0.19494,-5.6110646,1.1e-06,True
1.70301,-1.47419,-1.0934018,0.194848,-5.6115638,1.1e-06,True
1.7042575,-1.4729425,-1.0929824,0.1947559,-5.6120632,1.1e-06,True
1.705505,-1.471695,-1.0925631,0.1946639,-5.6125625,1.1e-06,True
1.7067525,-1.4704475,-1.0921437,0.1945718,-5.6130619,1.1e-06,True
1.708,-1.4692,-1.0917244,0.1944798,-5.6135614,1.1e-06,True
1.7092475,-1.4679525,-1.091305,0.1943878,-5.614061,1.1e-06,True
1.710495,-1.466705,-1.0908857,0.1942958,-5.6145606,1.1e-06,True
1.7117425,-1.4654575,-1.0904663,0.1942039,-5.6150602,1.1e-06,True
1.71299,-1.46421,-1.090047,0.1941119,-5.6155599,1.1e-06,True
1.7142375,-1.4629625,-1.0896277,0.19402,-5.6160597,1.1e-06,True
1.715485,-1.461715,-1.0892083,0.193928,-5.6165595,1.1e-06,True
1.7167325,-1.4604675,-1.088789,0.1938361,-5.6170593,1.1e-06,True
1.71798,-1.45922,-1.0883696,0.1937442,-5.6175592,1.1e-06,True
1.7192275,-1.4579725,-1.0879503,0.1936523,-5.6180592,1.1e-06,True
1.720475,-1.456725,-1.0875309,0.1935605,-5.6185592,1.1e-06,True
1.7217225,-1.4554775,-1.0871116,0.1934686,-5.6190593,1.1e-06,True
1.72297,-1.45423,-1.0866922,0.1933768,-5.6195594,1.1e-06,True
1.7242175,-1.4529825,-1.0862729,0.1932849,-5.6200596,1.1e-06,True
1.725465,-1.451735,-1.0858536,0.1931931,-5.6205598,1.1e-06,True
1.7267125,-1.4504875,-1.0854342,0.1931013,-5.6210601,1.1e-06,True
1.72796,-1.44924,-1.0850149,0.1930096,-5.6215604,1.1e-06,True
1.7292075,-1.4479925,-1.0845955,0.1929178,-5.6220607,1.1e-06,True
1.730455,-1.446745,-1.0841762,0.192826,-5.6225611,1.1e-06,True
1.7317025,-1.4454975,-1.0837568,0.1927343,-5.6230616,1.1e-06,True
1.73295,-1.44425,-1.0833375,0.1926426,-5.623562,1.1e-06,True
1.7341975,-1.4430025,-1.0829181,0.1925509,-5.6240626,1.1e-06,True
1.735445,-1.441755,-1.0824988,0.1924592,-5.6245632,1.1e-06,True
1.7366925,-1.4405075,-1.0820795,0.1923675,-5.6250638,1.1e-06,True
1.73794,-1.43926,-1.0816601,0.1922758,-5.6255644,1.1e-06,True
1.7391875,-1.4380125,-1.0812408,0.1921842,-5.6260651,1e-06,True
1.740435,-1.436765,-1.0808214,0.1920926,-5.6265659,1e-06,True
1.7416825,-1.4355175,-1.0804021,0.1920009,-5.6270667,1e-06,True
1.74293,-1.43427,-1.0799827,0.1919093,-5.6275675,1e-06,True
1.7441775,-1.4330225,-1.0795634,0.1918177,-5.6280683,1e-06,True
1.745425,-1.431775,-1.079144,0.1917262,-5.6285692,1e-06,True
1.7466725,-1.4305275,-1.0787247,0.1916346,-5.6290702,1e-06,True
1.74792,-1.42928,-1.0783054,0.1915431,-5.6295711,1e-06,True
1.7491675,-1.4280325,-1.077886,0.1914515,-5.6300721,1e-06,True
1.750415,-1.426785,-1.0774667,0.19136,-5.6305732,1e-06,True
1.7516625,-1.4255375,-1.0770473,0.1912685,-5.6310742,1e-06,True
1.75291,-1.42429,-1.076628,0.1911771,-5.6315753,1e-06,True
1.7541575,-1.4230425,-1.0762086,0.1910856,-5.6320765,1e-06,True
1.755405,-1.421795,-1.0757893,0.1909941,-5.6325776,1e-06,True
1.7566525,-1.4205475,-1.0753699,0.1909027,-5.6330788,1e-06,True
1.7579,-1.4193,-1.0749506,0.1908113,-5.6335801,1e-06,True
1.7591475,-1.4180525,-1.0745313,0.1907199,-5.6340813,1e-06,True
1.760395,-1.416805,-1.0741119,0.1906285,-5.6345826,1e-06,True
1.7616425,-1.4155575,-1.0736926,0.1905371,-5.6350839,1e-06,True
1.76289,-1.41431,-1.0732732,0.1904457,-5.6355853,1e-06,True
1.7641375,-1.4130625,-1.0728539,0.1903544,-5.6360867,1e-06,True
1.765385,-1.411815,-1.0724345,0.1902631,-5.6365881,1e-06,True
1.7666325,-1.4105675,-1.0720152,0.1901718,-5.6370895,1e-06,True
1.76788,-1.40932,-1.0715958,0.1900805,-5.6375909,1e-06,True
1.7691275,-1.4080725,-1.0711765,0.1899892,-5.6380924,1e-06,True
1.770375,-1.406825,-1.0707572,0.1898979,-5.6385939,1e-06,True
1.7716225,-1.4055775,-1.0703378,0.1898067,-5.6390954,1e-06,True
1.77287,-1.40433,-1.0699185,0.1897154,-5.6395969,1e-06,True
1.7741175,-1.4030825,-1.0694991,0.1896242,-5.6400985,1e-06,True
1.775365,-1.401835,-1.0690798,0.189533,-5.6406001,1e-06,True
1.7766125,-1.4005875,-1.0686604,0.1894418,-5.6411017,1e-06,True
1.77786,-1.39934,-1.0682411,0.1893506,-5.6416033,1e-06,True
1.7791075,-1.3980925,-1.0678217,0.1892595,-5.6421049,1e-06,True
1.780355,-1.396845,-1.0674024,0.1891683,-5.6426066,1e-06,True
1.7816025,-1.3955975,-1.0669831,0.1890772,-5.6431082,1e-06,True
1.78285,-1.39435,-1.0665637,0.1889861,-5.6436099,1e-06,True
1.7840975,-1.3931025,-1.0661444,0.188895,-5.6441116,1e-06,True
1.785345,-1.391855,-1.065725,0.1888039,-5.6446133,1e-06,True
1.7865925,-1.3906075,-1.0653057,0.1887128,-5.6451151,1e-06,True
1.78784,-1.38936,-1.0648863,0.1886218,-5.6456168,1e-06,True
1.7890875,-1.3881125,-1.064467,0.1885308,-5.6461185,1e-06,True
1.790335,-1.386865,-1.0640476,0.1884397,-5.6466203,1e-06,True
1.7915825,-1.3856175,-1.0636283,0.1883487,-5.6471221,1e-06,True
1.79283,-1.38437,-1.063209,0.1882578,-5.6476238,1e-06,True
1.7940775,-1.3831225,-1.0627896,0.1881668,-5.6481256,1e-06,True
1.795325,-1.381875,-1.0623703,0.1880758,-5.6486274,1e-06,True
1.7965725,-1.3806275,-1.0619509,0.1879849,-5.6491292,1e-06,True
1.79782,-1.37938,-1.0615316,0.187894,-5.649631,1e-06,True
1.7990675,-1.3781325,-1.0611122,0.1878031,-5.6501328,1e-06,True
1.800315,-1.376885,-1.0606929,0.1877122,-5.6506346,1e-06,True
1.8015625,-1.3756375,-1.0602736,0.1876213,-5.6511364,1e-06,True
1.80281,-1.37439,-1.0598542,0.1875304,-5.6516383,1e-06,True
1.8040575,-1.3731425,-1.0594349,0.1874396,-5.6521401,1e-06,True
1.805305,-1.371895,-1.0590155,0.1873488,-5.6526419,1e-06,True
1.8065525,-1.3706475,-1.0585962,0.187258,-5.6531437,1e-06,True
1.8078,-1.3694,-1.0581768,0.1871672,-5.6536456,1e-06,True
1.8090475,-1.3681525,-1.0577575,0.1870764,-5.6541474,1e-06,True
1.810295,-1.366905,-1.0573381,0.1869856,-5.6546492,1e-06,True
1.8115425,-1.3656575,-1.0569188,0.1868949,-5.655151,9e-07,True
1.81279,-1.36441,-1.0564995,0.1868042,-5.6556528,9e-07,True
1.8140375,-1.3631625,-1.0560801,0.1867134,-5.6561546,9e-07,True
1.815285,-1.361915,-1.0556608,0.1866227,-5.6566564,9e-07,True
1.8165325,-1.3606675,-1.0552414,0.1865321,-5.6571582,9e-07,True
1.81778,-1.35942,-1.0548221,0.1864414,-5.65766,9e-07,True
1.8190275,-1.3581725,-1.0544027,0.1863508,-5.6581618,9e-07,True
1.820275,-1.356925,-1.0539834,0.1862601,-5.6586635,9e-07,True
1.8215225,-1.3556775,-1.053564,0.1861695,-5.6591653,9e-07,True
1.82277,-1.35443,-1.0531447,0.1860789,-5.659667,9e-07,True
1.8240175,-1.3531825,-1.0527254,0.1859883,-5.6601688,9e-07,True
1.825265,-1.351935,-1.052306,0.1858978,-5.6606705,9e-07,True
1.8265125,-1.3506875,-1.0518867,0.1858072,-5.6611722,9e-07,True
1.82776,-1.34944,-1.0514673,0.1857167,-5.6616739,9e-07,True
1.8290075,-1.3481925,-1.051048,0.1856262,-5.6621755,9e-07,True
1.830255,-1.346945,-1.0506286,0.1855357,-5.6626772,9e-07,True
1.8315025,-1.3456975,-1.0502093,0.1854452,-5.6631788,9e-07,True
1.83275,-1.34445,-1.0497899,0.1853547,-5.6636805,9e-07,True
1.8339975,-1.3432025,-1.0493706,0.1852643,-5.6641821,9e-07,True
1.835245,-1.341955,-1.0489513,0.1851738,-5.6646836,9e-07,True
1.8364925,-1.3407075,-1.0485319,0.1850834,-5.6651852,9e-07,True
1.83774,-1.33946,-1.0481126,0.184993,-5.6656867,9e-07,True
1.8389875,-1.3382125,-1.0476932,0.1849026,-5.6661883,9e-07,True
1.840235,-1.336965,-1.0472739,0.1848123,-5.6666898,9e-07,True
1.8414825,-1.3357175,-1.0468545,0.1847219,-5.6671912,9e-07,True
1.84273,-1.33447,-1.0464352,0.1846316,-5.6676927,9e-07,True
1.8439775,-1.3332225,-1.0460158,0.1845413,-5.6681941,9e-07,True
1.845225,-1.331975,-1.0455965,0.184451,-5.6686955,9e-07,True
1.8464725,-1.3307275,-1.0451772,0.1843607,-5.6691968,9e-07,True
1.84772,-1.32948,-1.0447578,0.1842704,-5.6696982,9e-07,True
1.8489675,-1.3282325,-1.0443385,0.1841802,-5.6701995,9e-07,True
1.850215,-1.326985,-1.0439191,0.18409,-5.6707007,9e-07,True
1.8514625,-1.3257375,-1.0434998,0.1839998,-5.671202,9e-07,True
1.85271,-1.32449,-1.0430804,0.1839096,-5.6717032,9e-07,True
1.8539575,-1.3232425,-1.0426611,0.1838194,-5.6722043,9e-07,True
1.855205,-1.321995,-1.0422417,0.1837292,-5.6727055,9e-07,True
1.8564525,-1.3207475,-1.0418224,0.1836391,-5.6732066,9e-07,True
1.8577,-1.3195,-1.0414031,0.1835489,-5.6737076,9e-07,True
1.8589475,-1.3182525,-1.0409837,0.1834588,-5.6742087,9e-07,True
1.860195,-1.317005,-1.0405644,0.1833687,-5.6747096,9e-07,True
1.8614425,-1.3157575,-1.040145,0.1832787,-5.6752106,9e-07,True
1.86269,-1.31451,-1.0397257,0.1831886,-5.6757115,9e-07,True
1.8639375,-1.3132625,-1.0393063,0.1830986,-5.6762124,9e-07,True
1.865185,-1.312015,-1.038887,0.1830085,-5.6767132,9e-07,True
1.8664325,-1.3107675,-1.0384676,0.1829185,-5.6772139,9e-07,True
1.86768,-1.30952,-1.0380483,0.1828285,-5.6777147,9e-07,True
1.8689275,-1.3082725,-1.037629,0.1827386,-5.6782154,9e-07,True
1.870175,-1.307025,-1.0372096,0.1826486,-5.678716,9e-07,True
1.8714225,-1.3057775,-1.0367903,0.1825587,-5.6792166,9e-07,True
1.87267,-1.30453,-1.0363709,0.1824688,-5.6797171,9e-07,True
1.8739175,-1.3032825,-1.0359516,0.1823789,-5.6802176,9e-07,True
1.875165,-1.302035,-1.0355322,0.182289,-5.680718,9e-07,True
1.8764125,-1.3007875,-1.0351129,0.1821991,-5.6812184,9e-07,True
1.87766,-1.29954,-1.0346935,0.1821093,-5.6817188,9e-07,True
1.8789075,-1.2982925,-1.0342742,0.1820194,-5.682219,9e-07,True
1.880155,-1.297045,-1.0338549,0.1819296,-5.6827193,9e-07,True
1.8814025,-1.2957975,-1.0334355,0.1818398,-5.6832194,9e-07,True
1.88265,-1.29455,-1.0330162,0.18175,-5.6837195,9e-07,True
1.8838975,-1.2933025,-1.0325968,0.1816603,-5.6842196,9e-07,True
1.885145,-1.292055,-1.0321775,0.1815705,-5.6847196,9e-07,True
1.8863925,-1.2908075,-1.0317581,0.1814808,-5.6852195,9e-07,True
1.88764,-1.28956,-1.0313388,0.1813911,-5.6857194,9e-07,True
1.8888875,-1.2883125,-1.0309194,0.1813014,-5.6862192,9e-07,True
1.890135,-1.287065,-1.0305001,0.1812117,-5.6867189,9e-07,True
1.8913825,-1.2858175,-1.0300808,0.1811221,-5.6872186,9e-07,True
1.89263,-1.28457,-1.0296614,0.1810324,-5.6877182,8e-07,True
1.8938775,-1.2833225,-1.0292421,0.1809428,-5.6882178,8e-07,True
1.895125,-1.282075,-1.0288227,0.1808532,-5.6887173,8e-07,True
1.8963725,-1.2808275,-1.0284034,0.1807636,-5.6892167,8e-07,True
1.89762,-1.27958,-1.027984,0.180674,-5.689716,8e-07,True
1.8988675,-1.2783325,-1.0275647,0.1805845,-5.6902153,8e-07,True
1.900115,-1.277085,-1.0271453,0.180495,-5.6907145,8e-07,True
1.9013625,-1.2758375,-1.026726,0.1804055,-5.6912136,8e-07,True
1.90261,-1.27459,-1.0263067,0.180316,-5.6917127,8e-07,True
1.9038575,-1.2733425,-1.0258873,0.1802265,-5.6922116,8e-07,True
1.905105,-1.272095,-1.025468,0.180137,-5.6927105,8e-07,True
1.9063525,-1.2708475,-1.0250486,0.1800476,-5.6932093,8e-07,True
1.9076,-1.2696,-1.0246293,0.1799582,-5.6937081,8e-07,True
1.9088475,-1.2683525,-1.0242099,0.1798688,-5.6942067,8e-07,True
1.910095,-1.267105,-1.0237906,0.1797794,-5.6947053,8e-07,True
1.9113425,-1.2658575,-1.0233712,0.17969,-5.6952038,8e-07,True
1.91259,-1.26461,-1.0229519,0.1796007,-5.6957022,8e-07,True
1.9138375,-1.2633625,-1.0225326,0.1795113,-5.6962005,8e-07,True
1.915085,-1.262115,-1.0221132,0.179422,-5.6966988,8e-07,True
1.9163325,-1.2608675,-1.0216939,0.1793327,-5.6971969,8e-07,True
1.91758,-1.25962,-1.0212745,0.1792435,-5.697695,8e-07,True
1.9188275,-1.2583725,-1.0208552,0.1791542,-5.698193,8e-07,True
1.920075,-1.257125,-1.0204358,0.179065,-5.6986909,8e-07,True
1.9213225,-1.2558775,-1.0200165,0.1789757,-5.6991887,8e-07,True
1.92257,-1.25463,-1.0195971,0.1788865,-5.6996864,8e-07,True
1.9238175,-1.2533825,-1.0191778,0.1787974,-5.700184,8e-07,True
1.925065,-1.252135,-1.0187585,0.1787082,-5.7006815,8e-07,True
1.9263125,-1.2508875,-1.0183391,0.178619,-5.7011789,8e-07,True
1.92756,-1.24964,-1.0179198,0.1785299,-5.7016762,8e-07,True
1.9288075,-1.2483925,-1.0175004,0.1784408,-5.7021734,8e-07,True
1.930055,-1.247145,-1.0170811,0.1783517,-5.7026706,8e-07,True
1.9313025,-1.2458975,-1.0166617,0.1782626,-5.7031676,8e-07,True
1.93255,-1.24465,-1.0162424,0.1781736,-5.7036645,8e-07,True
1.9337975,-1.2434025,-1.015823,0.1780846,-5.7041613,8e-07,True
1.935045,-1.242155,-1.0154037,0.1779955,-5.704658,8e-07,True
1.9362925,-1.2409075,-1.0149844,0.1779065,-5.7051546,8e-07,True
1.93754,-1.23966,-1.014565,0.1778176,-5.7056511,8e-07,True
1.9387875,-1.2384125,-1.0141457,0.1777286,-5.7061475,8e-07,True
1.940035,-1.237165,-1.0137263,0.1776397,-5.7066438,8e-07,True
1.9412825,-1.2359175,-1.013307,0.1775508,-5.70714,8e-07,True
1.94253,-1.23467,-1.0128876,0.1774618,-5.707636,8e-07,True
1.9437775,-1.2334225,-1.0124683,0.177373,-5.708132,8e-07,True
1.945025,-1.232175,-1.0120489,0.1772841,-5.7086278,8e-07,True
1.9462725,-1.2309275,-1.0116296,0.1771953,-5.7091235,8e-07,True
1.94752,-1.22968,-1.0112103,0.1771064,-5.7096191,8e-07,True
1.9487675,-1.2284325,-1.0107909,0.1770176,-5.7101146,8e-07,True
1.950015,-1.227185,-1.0103716,0.1769288,-5.7106099,8e-07,True
1.9512625,-1.2259375,-1.0099522,0.1768401,-5.7111052,8e-07,True
1.95251,-1.22469,-1.0095329,0.1767513,-5.7116003,8e-07,True
1.9537575,-1.2234425,-1.0091135,0.1766626,-5.7120953,8e-07,True
1.955005,-1.222195,-1.0086942,0.1765739,-5.7125901,8e-07,True
1.9562525,-1.2209475,-1.0082749,0.1764852,-5.7130849,8e-07,True
1.9575,-1.2197,-1.0078555,0.1763965,-5.7135795,8e-07,True
1.9587475,-1.2184525,-1.0074362,0.1763079,-5.714074,8e-07,True
1.959995,-1.217205,-1.0070168,0.1762192,-5.7145683,8e-07,True
1.9612425,-1.2159575,-1.0065975,0.1761306,-5.7150625,8e-07,True
1.96249,-1.21471,-1.0061781,0.176042,-5.7155566,8e-07,True
1.9637375,-1.2134625,-1.0057588,0.1759534,-5.7160506,8e-07,True
1.964985,-1.212215,-1.0053394,0.1758649,-5.7165444,8e-07,True
1.9662325,-1.2109675,-1.0049201,0.1757764,-5.7170381,8e-07,True
1.96748,-1.20972,-1.0045008,0.1756878,-5.7175316,8e-07,True
1.9687275,-1.2084725,-1.0040814,0.1755993,-5.718025,8e-07,True
1.969975,-1.207225,-1.0036621,0.1755109,-5.7185183,8e-07,True
1.9712225,-1.2059775,-1.0032427,0.1754224,-5.7190114,8e-07,True
1.97247,-1.20473,-1.0028234,0.175334,-5.7195044,8e-07,True
1.9737175,-1.2034825,-1.002404,0.1752455,-5.7199972,8e-07,True
1.974965,-1.202235,-1.0019847,0.1751571,-5.7204899,8e-07,True
1.9762125,-1.2009875,-1.0015653,0.1750688,-5.7209825,8e-07,True
1.97746,-1.19974,-1.001146,0.1749804,-5.7214749,8e-07,True
1.9787075,-1.1984925,-1.0007267,0.1748921,-5.7219671,8e-07,True
1.979955,-1.197245,-1.0003073,0.1748037,-5.7224592,8e-07,True
1.9812025,-1.1959975,-0.999888,0.1747154,-5.7229512,8e-07,True
1.98245,-1.19475,-0.9994686,0.1746272,-5.7234429,8e-07,True
1.9836975,-1.1935025,-0.9990493,0.1745389,-5.7239346,7e-07,True
1.984945,-1.192255,-0.9986299,0.1744507,-5.724426,7e-07,True
1.9861925,-1.1910075,-0.9982106,0.1743624,-5.7249174,7e-07,True
1.98744,-1.18976,-0.9977912,0.1742742,-5.7254085,7e-07,True
1.9886875,-1.1885125,-0.9973719,0.1741861,-5.7258995,7e-07,True
1.989935,-1.187265,-0.9969526,0.1740979,-5.7263903,7e-07,True
1.9911825,-1.1860175,-0.9965332,0.1740098,-5.726881,7e-07,True
1.99243,-1.18477,-0.9961139,0.1739216,-5.7273715,7e-07,True
1.9936775,-1.1835225,-0.9956945,0.1738335,-5.7278618,7e-07,True
1.994925,-1.182275,-0.9952752,0.1737455,-5.728352,7e-07,True
1.9961725,-1.1810275,-0.9948558,0.1736574,-5.728842,7e-07,True
1.99742,-1.17978,-0.9944365,0.1735694,-5.7293318,7e-07,True
1.9986675,-1.1785325,-0.9940171,0.1734813,-5.7298215,7e-07,True
1.999915,-1.177285,-0.9935978,0.1733933,-5.730311,7e-07,True
2.0011625,-1.1760375,-0.9931785,0.1733054,-5.7308003,7e-07,True
2.00241,-1.17479,-0.9927591,0.1732174,-5.7312894,7e-07,True
2.0036575,-1.1735425,-0.9923398,0.1731295,-5.7317784,7e-07,True
2.004905,-1.172295,-0.9919204,0.1730416,-5.7322671,7e-07,True
2.0061525,-1.1710475,-0.9915011,0.1729537,-5.7327557,7e-07,True
2.0074,-1.1698,-0.9910817,0.1728658,-5.7332441,7e-07,True
2.0086475,-1.1685525,-0.9906624,0.1727779,-5.7337323,7e-07,True
2.009895,-1.167305,-0.990243,0.1726901,-5.7342204,7e-07,True
2.0111425,-1.1660575,-0.9898237,0.1726023,-5.7347082,7e-07,True
2.01239,-1.16481,-0.9894044,0.1725145,-5.7351959,7e-07,True
2.0136375,-1.1635625,-0.988985,0.1724267,-5.7356833,7e-07,True
2.014885,-1.162315,-0.9885657,0.172339,-5.7361706,7e-07,True
2.0161325,-1.1610675,-0.9881463,0.1722512,-5.7366577,7e-07,True
2.01738,-1.15982,-0.987727,0.1721635,-5.7371446,7e-07,True
2.0186275,-1.1585725,-0.9873076,0.1720758,-5.7376313,7e-07,True
2.019875,-1.157325,-0.9868883,0.1719882,-5.7381178,7e-07,True
2.0211225,-1.1560775,-0.9864689,0.1719005,-5.7386041,7e-07,True
2.02237,-1.15483,-0.9860496,0.1718129,-5.7390902,7e-07,True
2.0236175,-1.1535825,-0.9856303,0.1717253,-5.739576,7e-07,True
2.024865,-1.152335,-0.9852109,0.1716377,-5.7400617,7e-07,True
2.0261125,-1.1510875,-0.9847916,0.1715501,-5.7405472,7e-07,True
2.02736,-1.14984,-0.9843722,0.1714626,-5.7410325,7e-07,True
2.0286075,-1.1485925,-0.9839529,0.1713751,-5.7415175,7e-07,True
2.029855,-1.147345,-0.9835335,0.1712876,-5.7420024,7e-07,True
2.0311025,-1.1460975,-0.9831142,0.1712001,-5.742487,7e-07,True
2.03235,-1.14485,-0.9826948,0.1711126,-5.7429715,7e-07,True
2.0335975,-1.1436025,-0.9822755,0.1710252,-5.7434557,7e-07,True
2.034845,-1.142355,-0.9818562,0.1709378,-5.7439397,7e-07,True
2.0360925,-1.1411075,-0.9814368,0.1708504,-5.7444234,7e-07,True
2.03734,-1.13986,-0.9810175,0.170763,-5.744907,7e-07,True
2.0385875,-1.1386125,-0.9805981,0.1706756,-5.7453903,7e-07,True
2.039835,-1.137365,-0.9801788,0.1705883,-5.7458734,7e-07,True
2.0410825,-1.1361175,-0.9797594,0.170501,-5.7463563,7e-07,True
2.04233,-1.13487,-0.9793401,0.1704137,-5.746839,7e-07,True
2.0435775,-1.1336225,-0.9789207,0.1703264,-5.7473214,7e-07,True
2.044825,-1.132375,-0.9785014,0.1702392,-5.7478036,7e-07,True
2.0460725,-1.1311275,-0.9780821,0.170152,-5.7482856,7e-07,True
2.04732,-1.12988,-0.9776627,0.1700648,-5.7487673,7e-07,True
2.0485675,-1.1286325,-0.9772434,0.1699776,-5.7492488,7e-07,True
2.049815,-1.127385,-0.976824,0.1698904,-5.7497301,7e-07,True
2.0510625,-1.1261375,-0.9764047,0.1698033,-5.7502111,7e-07,True
2.05231,-1.12489,-0.9759853,0.1697162,-5.7506919,7e-07,True
2.0535575,-1.1236425,-0.975566,0.1696291,-5.7511724,7e-07,True
2.054805,-1.122395,-0.9751466,0.169542,-5.7516527,7e-07,True
2.0560525,-1.1211475,-0.9747273,0.1694549,-5.7521328,7e-07,True
2.0573,-1.1199,-0.974308,0.1693679,-5.7526126,7e-07,True
2.0585475,-1.1186525,-0.9738886,0.1692809,-5.7530922,7e-07,True
2.059795,-1.117405,-0.9734693,0.1691939,-5.7535715,7e-07,True
2.0610425,-1.1161575,-0.9730499,0.1691069,-5.7540505,7e-07,True
2.06229,-1.11491,-0.9726306,0.16902,-5.7545293,7e-07,True
2.0635375,-1.1136625,-0.9722112,0.1689331,-5.7550079,7e-07,True
2.064785,-1.112415,-0.9717919,0.1688462,-5.7554862,7e-07,True
2.0660325,-1.1111675,-0.9713725,0.1687593,-5.7559642,7e-07,True
2.06728,-1.10992,-0.9709532,0.1686725,-5.756442,7e-07,True
2.0685275,-1.1086725,-0.9705339,0.1685856,-5.7569195,7e-07,True
2.069775,-1.107425,-0.9701145,0.1684988,-5.7573968,7e-07,True
2.0710225,-1.1061775,-0.9696952,0.168412,-5.7578737,7e-07,True
2.07227,-1.10493,-0.9692758,0.1683253,-5.7583505,7e-07,True
2.0735175,-1.1036825,-0.9688565,0.1682385,-5.7588269,7e-07,True
2.074765,-1.102435,-0.9684371,0.1681518,-5.7593031,7e-07,True
2.0760125,-1.1011875,-0.9680178,0.1680651,-5.759779,7e-07,True
2.07726,-1.09994,-0.9675984,0.1679784,-5.7602546,7e-07,True
2.0785075,-1.0986925,-0.9671791,0.1678918,-5.7607299,7e-07,True
2.079755,-1.097445,-0.9667598,0.1678051,-5.761205,7e-07,True
2.0810025,-1.0961975,-0.9663404,0.1677185,-5.7616798,7e-07,True
2.08225,-1.09495,-0.9659211,0.1676319,-5.7621543,7e-07,True
2.0834975,-1.0937025,-0.9655017,0.1675454,-5.7626285,7e-07,True
2.084745,-1.092455,-0.9650824,0.1674588,-5.7631025,7e-07,True
2.0859925,-1.0912075,-0.964663,0.1673723,-5.7635761,7e-07,True
2.08724,-1.08996,-0.9642437,0.1672858,-5.7640495,7e-07,True
2.0884875,-1.0887125,-0.9638243,0.1671993,-5.7645226,7e-07,True
2.089735,-1.087465,-0.963405,0.1671129,-5.7649953,7e-07,True
2.0909825,-1.0862175,-0.9629857,0.1670265,-5.7654678,6e-07,True
2.09223,-1.08497,-0.9625663,0.1669401,-5.76594,6e-07,True
2.0934775,-1.0837225,-0.962147,0.1668537,-5.7664119,6e-07,True
2.094725,-1.082475,-0.9617276,0.1667673,-5.7668835,6e-07,True
2.0959725,-1.0812275,-0.9613083,0.166681,-5.7673548,6e-07,True
2.09722,-1.07998,-0.9608889,0.1665947,-5.7678258,6e-07,True
2.0984675,-1.0787325,-0.9604696,0.1665084,-5.7682964,6e-07,True
2.099715,-1.077485,-0.9600502,0.1664221,-5.7687668,6e-07,True
2.1009625,-1.0762375,-0.9596309,0.1663358,-5.7692369,6e-07,True
2.10221,-1.07499,-0.9592116,0.1662496,-5.7697066,6e-07,True
2.1034575,-1.0737425,-0.9587922,0.1661634,-5.770176,6e-07,True
2.104705,-1.072495,-0.9583729,0.1660772,-5.7706452,6e-07,True
2.1059525,-1.0712475,-0.9579535,0.1659911,-5.7711139,6e-07,True
2.1072,-1.07,-0.9575342,0.165905,-5.7715824,6e-07,True
2.1084475,-1.0687525,-0.9571148,0.1658189,-5.7720506,6e-07,True
2.109695,-1.067505,-0.9566955,0.1657328,-5.7725184,6e-07,True
2.1109425,-1.0662575,-0.9562762,0.1656467,-5.7729859,6e-07,True
2.11219,-1.06501,-0.9558568,0.1655607,-5.7734531,6e-07,True
2.1134375,-1.0637625,-0.9554375,0.1654747,-5.7739199,6e-07,True
2.114685,-1.062515,-0.9550181,0.1653887,-5.7743865,6e-07,True
2.1159325,-1.0612675,-0.9545988,0.1653027,-5.7748527,6e-07,True
2.11718,-1.06002,-0.9541794,0.1652168,-5.7753185,6e-07,True
2.1184275,-1.0587725,-0.9537601,0.1651308,-5.775784,6e-07,True
2.119675,-1.057525,-0.9533407,0.1650449,-5.7762492,6e-07,True
2.1209225,-1.0562775,-0.9529214,0.1649591,-5.776714,6e-07,True
2.12217,-1.05503,-0.9525021,0.1648732,-5.7771785,6e-07,True
2.1234175,-1.0537825,-0.9520827,0.1647874,-5.7776426,6e-07,True
2.124665,-1.052535,-0.9516634,0.1647016,-5.7781064,6e-07,True
2.1259125,-1.0512875,-0.951244,0.1646158,-5.7785699,6e-07,True
2.12716,-1.05004,-0.9508247,0.1645301,-5.779033,6e-07,True
2.1284075,-1.0487925,-0.9504053,0.1644443,-5.7794957,6e-07,True
2.129655,-1.047545,-0.949986,0.1643586,-5.7799581,6e-07,True
2.1309025,-1.0462975,-0.9495666,0.1642729,-5.7804201,6e-07,True
2.13215,-1.04505,-0.9491473,0.1641873,-5.7808818,6e-07,True
2.1333975,-1.0438025,-0.948728,0.1641017,-5.7813431,6e-07,True
2.134645,-1.042555,-0.9483086,0.164016,-5.781804,6e-07,True
2.1358925,-1.0413075,-0.9478893,0.1639305,-5.7822646,6e-07,True
2.13714,-1.04006,-0.9474699,0.1638449,-5.7827248,6e-07,True
2.1383875,-1.0388125,-0.9470506,0.1637594,-5.7831846,6e-07,True
2.139635,-1.037565,-0.9466312,0.1636738,-5.7836441,6e-07,True
2.1408825,-1.0363175,-0.9462119,0.1635883,-5.7841032,6e-07,True
2.14213,-1.03507,-0.9457925,0.1635029,-5.7845619,6e-07,True
2.1433775,-1.0338225,-0.9453732,0.1634174,-5.7850202,6e-07,True
2.144625,-1.032575,-0.9449539,0.163332,-5.7854782,6e-07,True
2.1458725,-1.0313275,-0.9445345,0.1632466,-5.7859357,6e-07,True
2.14712,-1.03008,-0.9441152,0.1631613,-5.7863929,6e-07,True
2.1483675,-1.0288325,-0.9436958,0.1630759,-5.7868497,6e-07,True
2.149615,-1.027585,-0.9432765,0.1629906,-5.7873061,6e-07,True
2.1508625,-1.0263375,-0.9428571,0.1629053,-5.7877621,6e-07,True
2.15211,-1.02509,-0.9424378,0.16282,-5.7882177,6e-07,True
2.1533575,-1.0238425,-0.9420184,0.1627348,-5.788673,6e-07,True
2.154605,-1.022595,-0.9415991,0.1626496,-5.7891278,6e-07,True
2.1558525,-1.0213475,-0.9411798,0.1625644,-5.7895822,6e-07,True
2.1571,-1.0201,-0.9407604,0.1624792,-5.7900362,6e-07,True
2.1583475,-1.0188525,-0.9403411,0.162394,-5.7904898,6e-07,True
2.159595,-1.017605,-0.9399217,0.1623089,-5.790943,6e-07,True
2.1608425,-1.0163575,-0.9395024,0.1622238,-5.7913958,6e-07,True
2.16209,-1.01511,-0.939083,0.1621388,-5.7918482,6e-07,True
2.1633375,-1.0138625,-0.9386637,0.1620537,-5.7923002,6e-07,True
2.164585,-1.012615,-0.9382443,0.1619687,-5.7927517,6e-07,True
2.1658325,-1.0113675,-0.937825,0.1618837,-5.7932029,6e-07,True
2.16708,-1.01012,-0.9374057,0.1617987,-5.7936536,6e-07,True
2.1683275,-1.0088725,-0.9369863,0.1617138,-5.7941039,6e-07,True
2.169575,-1.007625,-0.936567,0.1616288,-5.7945537,6e-07,True
2.1708225,-1.0063775,-0.9361476,0.1615439,-5.7950032,6e-07,True
2.17207,-1.00513,-0.9357283,0.1614591,-5.7954522,6e-07,True
2.1733175,-1.0038825,-0.9353089,0.1613742,-5.7959008,6e-07,True
2.174565,-1.002635,-0.9348896,0.1612894,-5.7963489,6e-07,True
2.1758125,-1.0013875,-0.9344702,0.1612046,-5.7967966,6e-07,True
2.17706,-1.00014,-0.9340509,0.1611198,-5.7972439,6e-07,True
2.1783075,-0.9988925,-0.9336316,0.1610351,-5.7976907,6e-07,True
2.179555,-0.997645,-0.9332122,0.1609504,-5.7981371,6e-07,True
2.1808025,-0.9963975,-0.9327929,0.1608657,-5.798583,6e-07,True
2.18205,-0.99515,-0.9323735,0.160781,-5.7990285,6e-07,True
2.1832975,-0.9939025,-0.9319542,0.1606963,-5.7994735,6e-07,True
2.184545,-0.992655,-0.9315348,0.1606117,-5.7999181,6e-07,True
2.1857925,-0.9914075,-0.9311155,0.1605271,-5.8003622,6e-07,True
2.18704,-0.99016,-0.9306961,0.1604426,-5.8008059,6e-07,True
2.1882875,-0.9889125,-0.9302768,0.160358,-5.8012491,6e-07,True
2.189535,-0.987665,-0.9298575,0.1602735,-5.8016918,6e-07,True
2.1907825,-0.9864175,-0.9294381,0.160189,-5.8021341,6e-07,True
2.19203,-0.98517,-0.9290188,0.1601045,-5.8025759,6e-07,True
2.1932775,-0.9839225,-0.9285994,0.1600201,-5.8030172,6e-07,True
2.194525,-0.982675,-0.9281801,0.1599357,-5.8034581,6e-07,True
2.1957725,-0.9814275,-0.9277607,0.1598513,-5.8038984,6e-07,True
2.19702,-0.98018,-0.9273414,0.1597669,-5.8043383,6e-07,True
2.1982675,-0.9789325,-0.926922,0.1596826,-5.8047778,6e-07,True
2.199515,-0.977685,-0.9265027,0.1595983,-5.8052167,6e-07,True
2.2007625,-0.9764375,-0.9260834,0.159514,-5.8056552,6e-07,True
2.20201,-0.97519,-0.925664,0.1594298,-5.8060931,6e-07,True
2.2032575,-0.9739425,-0.9252447,0.1593455,-5.8065306,6e-07,True
2.204505,-0.972695,-0.9248253,0.1592613,-5.8069676,6e-07,True
2.2057525,-0.9714475,-0.924406,0.1591771,-5.8074041,6e-07,True
2.207,-0.9702,-0.9239866,0.159093,-5.8078401,6e-07,True
2.2082475,-0.9689525,-0.9235673,0.1590089,-5.8082756,6e-07,True
2.209495,-0.967705,-0.9231479,0.1589248,-5.8087106,6e-07,True
2.2107425,-0.9664575,-0.9227286,0.1588407,-5.8091451,6e-07,True
2.21199,-0.96521,-0.9223093,0.1587566,-5.809579,6e-07,True
2.2132375,-0.9639625,-0.9218899,0.1586726,-5.8100125,6e-07,True
2.214485,-0.962715,-0.9214706,0.1585886,-5.8104454,6e-07,True
2.2157325,-0.9614675,-0.9210512,0.1585047,-5.8108779,6e-07,True
2.21698,-0.96022,-0.9206319,0.1584207,-5.8113098,6e-07,True
2.2182275,-0.9589725,-0.9202125,0.1583368,-5.8117412,6e-07,True
2.219475,-0.957725,-0.9197932,0.1582529,-5.8121721,6e-07,True
2.2207225,-0.9564775,-0.9193738,0.1581691,-5.8126024,6e-07,True
2.22197,-0.95523,-0.9189545,0.1580852,-5.8130322,6e-07,True
2.2232175,-0.9539825,-0.9185352,0.1580014,-5.8134615,6e-07,True
2.224465,-0.952735,-0.9181158,0.1579176,-5.8138903,6e-07,True
2.2257125,-0.9514875,-0.9176965,0.1578339,-5.8143185,5e-07,True
2.22696,-0.95024,-0.9172771,0.1577502,-5.8147462,5e-07,True
2.2282075,-0.9489925,-0.9168578,0.1576665,-5.8151733,5e-07,True
2.229455,-0.947745,-0.9164384,0.1575828,-5.8155999,5e-07,True
2.2307025,-0.9464975,-0.9160191,0.1574991,-5.8160259,5e-07,True
2.23195,-0.94525,-0.9155997,0.1574155,-5.8164514,5e-07,True
2.2331975,-0.9440025,-0.9151804,0.1573319,-5.8168764,5e-07,True
2.234445,-0.942755,-0.9147611,0.1572484,-5.8173007,5e-07,True
2.2356925,-0.9415075,-0.9143417,0.1571648,-5.8177246,5e-07,True
2.23694,-0.94026,-0.9139224,0.1570813,-5.8181478,5e-07,True
2.2381875,-0.9390125,-0.913503,0.1569978,-5.8185705,5e-07,True
2.239435,-0.937765,-0.9130837,0.1569144,-5.8189927,5e-07,True
2.2406825,-0.9365175,-0.9126643,0.156831,-5.8194142,5e-07,True
2.24193,-0.93527,-0.912245,0.1567476,-5.8198352,5e-07,True
2.2431775,-0.9340225,-0.9118256,0.1566642,-5.8202557,5e-07,True
2.244425,-0.932775,-0.9114063,0.1565808,-5.8206755,5e-07,True
2.2456725,-0.9315275,-0.910987,0.1564975,-5.8210948,5e-07,True
2.24692,-0.93028,-0.9105676,0.1564142,-5.8215134,5e-07,True
2.2481675,-0.9290325,-0.9101483,0.156331,-5.8219315,5e-07,True
2.249415,-0.927785,-0.9097289,0.1562477,-5.822349,5e-07,True
2.2506625,-0.9265375,-0.9093096,0.1561645,-5.8227659,5e-07,True
2.25191,-0.92529,-0.9088902,0.1560814,-5.8231823,5e-07,True
2.2531575,-0.9240425,-0.9084709,0.1559982,-5.823598,5e-07,True
2.254405,-0.922795,-0.9080515,0.1559151,-5.8240131,5e-07,True
2.2556525,-0.9215475,-0.9076322,0.155832,-5.8244276,5e-07,True
2.2569,-0.9203,-0.9072129,0.1557489,-5.8248415,5e-07,True
2.2581475,-0.9190525,-0.9067935,0.1556659,-5.8252548,5e-07,True
2.259395,-0.917805,-0.9063742,0.1555829,-5.8256675,5e-07,True
2.2606425,-0.9165575,-0.9059548,0.1554999,-5.8260796,5e-07,True
2.26189,-0.91531,-0.9055355,0.155417,-5.8264911,5e-07,True
2.2631375,-0.9140625,-0.9051161,0.155334,-5.8269019,5e-07,True
2.264385,-0.912815,-0.9046968,0.1552511,-5.8273121,5e-07,True
2.2656325,-0.9115675,-0.9042775,0.1551683,-5.8277217,5e-07,True
2.26688,-0.91032,-0.9038581,0.1550854,-5.8281307,5e-07,True
2.2681275,-0.9090725,-0.9034388,0.1550026,-5.828539,5e-07,True
2.269375,-0.907825,-0.9030194,0.1549198,-5.8289467,5e-07,True
2.2706225,-0.9065775,-0.9026001,0.1548371,-5.8293538,5e-07,True
2.27187,-0.90533,-0.9021807,0.1547543,-5.8297602,5e-07,True
2.2731175,-0.9040825,-0.9017614,0.1546716,-5.830166,5e-07,True
2.274365,-0.902835,-0.901342,0.154589,-5.8305711,5e-07,True
2.2756125,-0.9015875,-0.9009227,0.1545063,-5.8309756,5e-07,True
2.27686,-0.90034,-0.9005034,0.1544237,-5.8313794,5e-07,True
2.2781075,-0.8990925,-0.900084,0.1543411,-5.8317826,5e-07,True
2.279355,-0.897845,-0.8996647,0.1542586,-5.8321851,5e-07,True
2.2806025,-0.8965975,-0.8992453,0.1541761,-5.8325869,5e-07,True
2.28185,-0.89535,-0.898826,0.1540936,-5.8329881,5e-07,True
2.2830975,-0.8941025,-0.8984066,0.1540111,-5.8333886,5e-07,True
2.284345,-0.892855,-0.8979873,0.1539287,-5.8337885,5e-07,True
2.2855925,-0.8916075,-0.8975679,0.1538463,-5.8341876,5e-07,True
2.28684,-0.89036,-0.8971486,0.1537639,-5.8345861,5e-07,True
2.2880875,-0.8891125,-0.8967293,0.1536815,-5.8349839,5e-07,True
2.289335,-0.887865,-0.8963099,0.1535992,-5.8353811,5e-07,True
2.2905825,-0.8866175,-0.8958906,0.1535169,-5.8357775,5e-07,True
2.29183,-0.88537,-0.8954712,0.1534347,-5.8361733,5e-07,True
2.2930775,-0.8841225,-0.8950519,0.1533524,-5.8365683,5e-07,True
2.294325,-0.882875,-0.8946325,0.1532702,-5.8369627,5e-07,True
2.2955725,-0.8816275,-0.8942132,0.153188,-5.8373564,5e-07,True
2.29682,-0.88038,-0.8937938,0.1531059,-5.8377493,5e-07,True
2.2980675,-0.8791325,-0.8933745,0.1530238,-5.8381416,5e-07,True
2.299315,-0.877885,-0.8929552,0.1529417,-5.8385331,5e-07,True
2.3005625,-0.8766375,-0.8925358,0.1528596,-5.838924,5e-07,True
2.30181,-0.87539,-0.8921165,0.1527776,-5.8393141,5e-07,True
2.3030575,-0.8741425,-0.8916971,0.1526956,-5.8397035,5e-07,True
2.304305,-0.872895,-0.8912778,0.1526136,-5.8400922,5e-07,True
2.3055525,-0.8716475,-0.8908584,0.1525317,-5.8404801,5e-07,True
2.3068,-0.8704,-0.8904391,0.1524498,-5.8408674,5e-07,True
2.3080475,-0.8691525,-0.8900197,0.1523679,-5.8412539,5e-07,True
2.309295,-0.867905,-0.8896004,0.1522861,-5.8416396,5e-07,True
2.3105425,-0.8666575,-0.8891811,0.1522043,-5.8420247,5e-07,True
2.31179,-0.86541,-0.8887617,0.1521225,-5.842409,5e-07,True
2.3130375,-0.8641625,-0.8883424,0.1520407,-5.8427925,5e-07,True
2.314285,-0.862915,-0.887923,0.151959,-5.8431753,5e-07,True
2.3155325,-0.8616675,-0.8875037,0.1518773,-5.8435573,5e-07,True
2.31678,-0.86042,-0.8870843,0.1517956,-5.8439386,5e-07,True
2.3180275,-0.8591725,-0.886665,0.151714,-5.8443192,5e-07,True
2.319275,-0.857925,-0.8862456,0.1516324,-5.8446989,5e-07,True
2.3205225,-0.8566775,-0.8858263,0.1515508,-5.845078,5e-07,True
2.32177,-0.85543,-0.885407,0.1514693,-5.8454562,5e-07,True
2.3230175,-0.8541825,-0.8849876,0.1513878,-5.8458337,5e-07,True
2.324265,-0.852935,-0.8845683,0.1513063,-5.8462104,5e-07,True
2.3255125,-0.8516875,-0.8841489,0.1512248,-5.8465863,5e-07,True
2.32676,-0.85044,-0.8837296,0.1511434,-5.8469614,5e-07,True
2.3280075,-0.8491925,-0.8833102,0.151062,-5.8473358,5e-07,True
2.329255,-0.847945,-0.8828909,0.1509806,-5.8477093,5e-07,True
2.3305025,-0.8466975,-0.8824715,0.1508993,-5.8480821,5e-07,True
2.33175,-0.84545,-0.8820522,0.150818,-5.8484541,5e-07,True
2.3329975,-0.8442025,-0.8816329,0.1507367,-5.8488253,5e-07,True
2.334245,-0.842955,-0.8812135,0.1506555,-5.8491957,5e-07,True
2.3354925,-0.8417075,-0.8807942,0.1505743,-5.8495652,5e-07,True
2.33674,-0.84046,-0.8803748,0.1504931,-5.849934,5e-07,True
2.3379875,-0.8392125,-0.8799555,0.150412,-5.850302,5e-07,True
2.339235,-0.837965,-0.8795361,0.1503309,-5.8506691,5e-07,True
2.3404825,-0.8367175,-0.8791168,0.1502498,-5.8510354,5e-07,True
2.34173,-0.83547,-0.8786974,0.1501687,-5.8514009,5e-07,True
2.3429775,-0.8342225,-0.8782781,0.1500877,-5.8517656,5e-07,True
2.344225,-0.832975,-0.8778588,0.1500067,-5.8521294,5e-07,True
2.3454725,-0.8317275,-0.8774394,0.1499258,-5.8524924,5e-07,True
2.34672,-0.83048,-0.8770201,0.1498448,-5.8528546,5e-07,True
2.3479675,-0.8292325,-0.8766007,0.1497639,-5.853216,5e-07,True
2.349215,-0.827985,-0.8761814,0.1496831,-5.8535764,5e-07,True
2.3504625,-0.8267375,-0.875762,0.1496023,-5.8539361,5e-07,True
2.35171,-0.82549,-0.8753427,0.1495215,-5.8542949,5e-07,True
2.3529575,-0.8242425,-0.8749233,0.1494407,-5.8546528,5e-07,True
2.354205,-0.822995,-0.874504,0.14936,-5.8550099,5e-07,True
2.3554525,-0.8217475,-0.8740847,0.1492792,-5.8553661,5e-07,True
2.3567,-0.8205,-0.8736653,0.1491986,-5.8557214,5e-07,True
2.3579475,-0.8192525,-0.873246,0.1491179,-5.8560759,5e-07,True
2.359195,-0.818005,-0.8728266,0.1490373,-5.8564295,5e-07,True
2.3604425,-0.8167575,-0.8724073,0.1489568,-5.8567823,5e-07,True
2.36169,-0.81551,-0.8719879,0.1488762,-5.8571341,5e-07,True
2.3629375,-0.8142625,-0.8715686,0.1487957,-5.8574851,5e-07,True
2.364185,-0.813015,-0.8711492,0.1487152,-5.8578352,5e-07,True
2.3654325,-0.8117675,-0.8707299,0.1486348,-5.8581843,5e-07,True
2.36668,-0.81052,-0.8703106,0.1485544,-5.8585326,5e-07,True
2.3679275,-0.8092725,-0.8698912,0.148474,-5.85888,5e-07,True
2.369175,-0.808025,-0.8694719,0.1483936,-5.8592265,5e-07,True
2.3704225,-0.8067775,-0.8690525,0.1483133,-5.8595721,5e-07,True
2.37167,-0.80553,-0.8686332,0.148233,-5.8599168,5e-07,True
2.3729175,-0.8042825,-0.8682138,0.1481528,-5.8602605,5e-07,True
2.374165,-0.803035,-0.8677945,0.1480726,-5.8606034,5e-07,True
2.3754125,-0.8017875,-0.8673751,0.1479924,-5.8609453,5e-07,True
2.37666,-0.80054,-0.8669558,0.1479122,-5.8612863,5e-07,True
2.3779075,-0.7992925,-0.8665365,0.1478321,-5.8616263,5e-07,True
2.379155,-0.798045,-0.8661171,0.147752,-5.8619655,5e-07,True
2.3804025,-0.7967975,-0.8656978,0.1476719,-5.8623036,5e-07,True
2.38165,-0.79555,-0.8652784,0.1475919,-5.8626409,5e-07,True
2.3828975,-0.7943025,-0.8648591,0.1475119,-5.8629772,5e-07,True
2.384145,-0.793055,-0.8644397,0.147432,-5.8633126,5e-07,True
2.3853925,-0.7918075,-0.8640204,0.147352,-5.863647,5e-07,True
2.38664,-0.79056,-0.863601,0.1472722,-5.8639804,5e-07,True
2.3878875,-0.7893125,-0.8631817,0.1471923,-5.8643129,5e-07,True
2.389135,-0.788065,-0.8627624,0.1471125,-5.8646444,5e-07,True
2.3903825,-0.7868175,-0.862343,0.1470327,-5.864975,5e-07,True
2.39163,-0.78557,-0.8619237,0.1469529,-5.8653045,5e-07,True
2.3928775,-0.7843225,-0.8615043,0.1468732,-5.8656331,5e-07,True
2.394125,-0.783075,-0.861085,0.1467935,-5.8659608,5e-07,True
2.3953725,-0.7818275,-0.8606656,0.1467139,-5.8662874,5e-07,True
2.39662,-0.78058,-0.8602463,0.1466342,-5.8666131,5e-07,True
2.3978675,-0.7793325,-0.8598269,0.1465546,-5.8669377,5e-07,True
2.399115,-0.778085,-0.8594076,0.1464751,-5.8672614,5e-07,True
2.4003625,-0.7768375,-0.8589883,0.1463956,-5.867584,5e-07,True
2.40161,-0.77559,-0.8585689,0.1463161,-5.8679057,5e-07,True
2.4028575,-0.7743425,-0.8581496,0.1462366,-5.8682263,5e-07,True
2.404105,-0.773095,-0.8577302,0.1461572,-5.868546,5e-07,True
2.4053525,-0.7718475,-0.8573109,0.1460778,-5.8688646,5e-07,True
2.4066,-0.7706,-0.8568915,0.1459985,-5.8691822,5e-07,True
2.4078475,-0.7693525,-0.8564722,0.1459191,-5.8694988,5e-07,True
2.409095,-0.768105,-0.8560528,0.1458399,-5.8698143,5e-07,True
2.4103425,-0.7668575,-0.8556335,0.1457606,-5.8701288,5e-07,True
2.41159,-0.76561,-0.8552142,0.1456814,-5.8704423,5e-07,True
2.4128375,-0.7643625,-0.8547948,0.1456022,-5.8707547,5e-07,True
2.414085,-0.763115,-0.8543755,0.1455231,-5.8710661,5e-07,True
2.4153325,-0.7618675,-0.8539561,0.1454439,-5.8713764,5e-07,True
2.41658,-0.76062,-0.8535368,0.1453649,-5.8716857,5e-07,True
2.4178275,-0.7593725,-0.8531174,0.1452858,-5.8719939,5e-07,True
2.419075,-0.758125,-0.8526981,0.1452068,-5.8723011,4e-07,True
2.4203225,-0.7568775,-0.8522788,0.1451278,-5.8726072,4e-07,True
2.42157,-0.75563,-0.8518594,0.1450489,-5.8729122,4e-07,True
2.4228175,-0.7543825,-0.8514401,0.14497,-5.8732161,4e-07,True
2.424065,-0.753135,-0.8510207,0.1448911,-5.873519,4e-07,True
2.4253125,-0.7518875,-0.8506014,0.1448123,-5.8738208,4e-07,True
2.42656,-0.75064,-0.850182,0.1447335,-5.8741215,4e-07,True
2.4278075,-0.7493925,-0.8497627,0.1446547,-5.8744211,4e-07,True
2.429055,-0.748145,-0.8493433,0.144576,-5.8747196,4e-07,True
2.4303025,-0.7468975,-0.848924,0.1444973,-5.875017,4e-07,True
2.43155,-0.74565,-0.8485047,0.1444186,-5.8753133,4e-07,True
2.4327975,-0.7444025,-0.8480853,0.14434,-5.8756084,4e-07,True
2.434045,-0.743155,-0.847666,0.1442614,-5.8759025,4e-07,True
2.4352925,-0.7419075,-0.8472466,0.1441829,-5.8761955,4e-07,True
2.43654,-0.74066,-0.8468273,0.1441043,-5.8764873,4e-07,True
2.4377875,-0.7394125,-0.8464079,0.1440258,-5.876778,4e-07,True
2.439035,-0.738165,-0.8459886,0.1439474,-5.8770676,4e-07,True
2.4402825,-0.7369175,-0.8455692,0.143869,-5.877356,4e-07,True
2.44153,-0.73567,-0.8451499,0.1437906,-5.8776433,4e-07,True
2.4427775,-0.7344225,-0.8447306,0.1437123,-5.8779294,4e-07,True
2.444025,-0.733175,-0.8443112,0.143634,-5.8782144,4e-07,True
2.4452725,-0.7319275,-0.8438919,0.1435557,-5.8784983,4e-07,True
2.44652,-0.73068,-0.8434725,0.1434775,-5.8787809,4e-07,True
2.4477675,-0.7294325,-0.8430532,0.1433993,-5.8790625,4e-07,True
2.449015,-0.728185,-0.8426338,0.1433211,-5.8793428,4e-07,True
2.4502625,-0.7269375,-0.8422145,0.143243,-5.879622,4e-07,True
2.45151,-0.72569,-0.8417951,0.1431649,-5.8799,4e-07,True
2.4527575,-0.7244425,-0.8413758,0.1430868,-5.8801768,4e-07,True
2.454005,-0.723195,-0.8409565,0.1430088,-5.8804524,4e-07,True
2.4552525,-0.7219475,-0.8405371,0.1429308,-5.8807269,4e-07,True
2.4565,-0.7207,-0.8401178,0.1428529,-5.8810001,4e-07,True
2.4577475,-0.7194525,-0.8396984,0.142775,-5.8812722,4e-07,True
2.458995,-0.718205,-0.8392791,0.1426971,-5.881543,4e-07,True
2.4602425,-0.7169575,-0.8388597,0.1426193,-5.8818126,4e-07,True
2.46149,-0.71571,-0.8384404,0.1425415,-5.8820811,4e-07,True
2.4627375,-0.7144625,-0.838021,0.1424637,-5.8823483,4e-07,True
2.463985,-0.713215,-0.8376017,0.142386,-5.8826142,4e-07,True
2.4652325,-0.7119675,-0.8371824,0.1423083,-5.882879,4e-07,True
2.46648,-0.71072,-0.836763,0.1422306,-5.8831425,4e-07,True
2.4677275,-0.7094725,-0.8363437,0.142153,-5.8834048,4e-07,True
2.468975,-0.708225,-0.8359243,0.1420754,-5.8836658,4e-07,True
2.4702225,-0.7069775,-0.835505,0.1419979,-5.8839256,4e-07,True
2.47147,-0.70573,-0.8350856,0.1419204,-5.8841841,4e-07,True
2.4727175,-0.7044825,-0.8346663,0.1418429,-5.8844414,4e-07,True
2.473965,-0.703235,-0.8342469,0.1417655,-5.8846974,4e-07,True
2.4752125,-0.7019875,-0.8338276,0.1416881,-5.8849522,4e-07,True
2.47646,-0.70074,-0.8334083,0.1416107,-5.8852057,4e-07,True
2.4777075,-0.6994925,-0.8329889,0.1415334,-5.8854579,4e-07,True
2.478955,-0.698245,-0.8325696,0.1414561,-5.8857088,4e-07,True
2.4802025,-0.6969975,-0.8321502,0.1413789,-5.8859585,4e-07,True
2.48145,-0.69575,-0.8317309,0.1413017,-5.8862068,4e-07,True
2.4826975,-0.6945025,-0.8313115,0.1412245,-5.8864539,4e-07,True
2.483945,-0.693255,-0.8308922,0.1411474,-5.8866996,4e-07,True
2.4851925,-0.6920075,-0.8304728,0.1410703,-5.8869441,4e-07,True
2.48644,-0.69076,-0.8300535,0.1409932,-5.8871872,4e-07,True
2.4876875,-0.6895125,-0.8296342,0.1409162,-5.887429,4e-07,True
2.488935,-0.688265,-0.8292148,0.1408392,-5.8876695,4e-07,True
2.4901825,-0.6870175,-0.8287955,0.1407623,-5.8879087,4e-07,True
2.49143,-0.68577,-0.8283761,0.1406854,-5.8881466,4e-07,True
2.4926775,-0.6845225,-0.8279568,0.1406085,-5.8883831,4e-07,True
2.493925,-0.683275,-0.8275374,0.1405317,-5.8886183,4e-07,True
2.4951725,-0.6820275,-0.8271181,0.1404549,-5.8888521,4e-07,True
2.49642,-0.68078,-0.8266987,0.1403781,-5.8890846,4e-07,True
2.4976675,-0.6795325,-0.8262794,0.1403014,-5.8893157,4e-07,True
2.498915,-0.678285,-0.8258601,0.1402248,-5.8895455,4e-07,True
2.5001625,-0.6770375,-0.8254407,0.1401481,-5.8897739,4e-07,True
2.50141,-0.67579,-0.8250214,0.1400715,-5.8900009,4e-07,True
2.5026575,-0.6745425,-0.824602,0.139995,-5.8902266,4e-07,True
2.503905,-0.673295,-0.8241827,0.1399184,-5.8904509,4e-07,True
2.5051525,-0.6720475,-0.8237633,0.139842,-5.8906738,4e-07,True
2.5064,-0.6708,-0.823344,0.1397655,-5.8908953,4e-07,True
2.5076475,-0.6695525,-0.8229246,0.1396891,-5.8911154,4e-07,True
2.508895,-0.668305,-0.8225053,0.1396127,-5.8913341,4e-07,True
2.5101425,-0.6670575,-0.822086,0.1395364,-5.8915514,4e-07,True
2.51139,-0.66581,-0.8216666,0.1394601,-5.8917673,4e-07,True
2.5126375,-0.6645625,-0.8212473,0.1393839,-5.8919818,4e-07,True
2.513885,-0.663315,-0.8208279,0.1393077,-5.8921948,4e-07,True
2.5151325,-0.6620675,-0.8204086,0.1392315,-5.8924064,4e-07,True
2.51638,-0.66082,-0.8199892,0.1391554,-5.8926166,4e-07,True
2.5176275,-0.6595725,-0.8195699,0.1390793,-5.8928254,4e-07,True
2.518875,-0.658325,-0.8191505,0.1390032,-5.8930327,4e-07,True
2.5201225,-0.6570775,-0.8187312,0.1389272,-5.8932386,4e-07,True
2.52137,-0.65583,-0.8183119,0.1388512,-5.893443,4e-07,True
2.5226175,-0.6545825,-0.8178925,0.1387753,-5.8936459,4e-07,True
2.523865,-0.653335,-0.8174732,0.1386994,-5.8938474,4e-07,True
2.5251125,-0.6520875,-0.8170538,0.1386236,-5.8940475,4e-07,True
2.52636,-0.65084,-0.8166345,0.1385477,-5.894246,4e-07,True
2.5276075,-0.6495925,-0.8162151,0.138472,-5.8944431,4e-07,True
2.528855,-0.648345,-0.8157958,0.1383962,-5.8946387,4e-07,True
2.5301025,-0.6470975,-0.8153764,0.1383205,-5.8948328,4e-07,True
2.53135,-0.64585,-0.8149571,0.1382449,-5.8950254,4e-07,True
2.5325975,-0.6446025,-0.8145378,0.1381693,-5.8952164,4e-07,True
2.533845,-0.643355,-0.8141184,0.1380937,-5.895406,4e-07,True
2.5350925,-0.6421075,-0.8136991,0.1380182,-5.8955941,4e-07,True
2.53634,-0.64086,-0.8132797,0.1379427,-5.8957807,4e-07,True
2.5375875,-0.6396125,-0.8128604,0.1378672,-5.8959657,4e-07,True
2.538835,-0.638365,-0.812441,0.1377918,-5.8961492,4e-07,True
2.5400825,-0.6371175,-0.8120217,0.1377164,-5.8963312,4e-07,True
2.54133,-0.63587,-0.8116023,0.1376411,-5.8965116,4e-07,True
2.5425775,-0.6346225,-0.811183,0.1375658,-5.8966905,4e-07,True
2.543825,-0.633375,-0.8107637,0.1374906,-5.8968678,4e-07,True
2.5450725,-0.6321275,-0.8103443,0.1374154,-5.8970436,4e-07,True
2.54632,-0.63088,-0.809925,0.1373402,-5.8972178,4e-07,True
2.5475675,-0.6296325,-0.8095056,0.1372651,-5.8973905,4e-07,True
2.548815,-0.628385,-0.8090863,0.13719,-5.8975616,4e-07,True
2.5500625,-0.6271375,-0.8086669,0.1371149,-5.897731,4e-07,True
2.55131,-0.62589,-0.8082476,0.1370399,-5.897899,4e-07,True
2.5525575,-0.6246425,-0.8078282,0.136965,-5.8980653,4e-07,True
2.553805,-0.623395,-0.8074089,0.13689,-5.89823,4e-07,True
2.5550525,-0.6221475,-0.8069896,0.1368152,-5.8983931,4e-07,True
2.5563,-0.6209,-0.8065702,0.1367403,-5.8985546,4e-07,True
2.5575475,-0.6196525,-0.8061509,0.1366655,-5.8987145,4e-07,True
2.558795,-0.618405,-0.8057315,0.1365908,-5.8988728,4e-07,True
2.5600425,-0.6171575,-0.8053122,0.136516,-5.8990295,4e-07,True
2.56129,-0.61591,-0.8048928,0.1364414,-5.8991845,4e-07,True
2.5625375,-0.6146625,-0.8044735,0.1363667,-5.8993379,4e-07,True
2.563785,-0.613415,-0.8040541,0.1362922,-5.8994897,4e-07,True
2.5650325,-0.6121675,-0.8036348,0.1362176,-5.8996398,4e-07,True
2.56628,-0.61092,-0.8032155,0.1361431,-5.8997882,4e-07,True
2.5675275,-0.6096725,-0.8027961,0.1360686,-5.899935,4e-07,True
2.568775,-0.608425,-0.8023768,0.1359942,-5.9000801,4e-07,True
2.5700225,-0.6071775,-0.8019574,0.1359198,-5.9002236,4e-07,True
2.57127,-0.60593,-0.8015381,0.1358455,-5.9003653,4e-07,True
2.5725175,-0.6046825,-0.8011187,0.1357712,-5.9005054,4e-07,True
2.573765,-0.603435,-0.8006994,0.135697,-5.9006438,4e-07,True
2.5750125,-0.6021875,-0.8002801,0.1356227,-5.9007805,4e-07,True
2.57626,-0.60094,-0.7998607,0.1355486,-5.9009156,4e-07,True
2.5775075,-0.5996925,-0.7994414,0.1354745,-5.9010489,4e-07,True
2.578755,-0.598445,-0.799022,0.1354004,-5.9011804,4e-07,True
2.5800025,-0.5971975,-0.7986027,0.1353263,-5.9013103,4e-07,True
2.58125,-0.59595,-0.7981833,0.1352523,-5.9014385,4e-07,True
2.5824975,-0.5947025,-0.797764,0.1351784,-5.9015649,4e-07,True
2.583745,-0.593455,-0.7973446,0.1351045,-5.9016895,4e-07,True
2.5849925,-0.5922075,-0.7969253,0.1350306,-5.9018125,4e-07,True
2.58624,-0.59096,-0.796506,0.1349568,-5.9019337,4e-07,True
2.5874875,-0.5897125,-0.7960866,0.134883,-5.9020531,4e-07,True
2.588735,-0.588465,-0.7956673,0.1348093,-5.9021708,4e-07,True
2.5899825,-0.5872175,-0.7952479,0.1347356,-5.9022867,4e-07,True
2.59123,-0.58597,-0.7948286,0.1346619,-5.9024008,4e-07,True
2.5924775,-0.5847225,-0.7944092,0.1345883,-5.9025131,4e-07,True
2.593725,-0.583475,-0.7939899,0.1345147,-5.9026237,4e-07,True
2.5949725,-0.5822275,-0.7935705,0.1344412,-5.9027325,4e-07,True
2.59622,-0.58098,-0.7931512,0.1343677,-5.9028394,4e-07,True
2.5974675,-0.5797325,-0.7927319,0.1342943,-5.9029446,4e-07,True
2.598715,-0.578485,-0.7923125,0.1342209,-5.903048,4e-07,True
2.5999625,-0.5772375,-0.7918932,0.1341476,-5.9031495,4e-07,True
2.60121,-0.57599,-0.7914738,0.1340743,-5.9032492,4e-07,True
2.6024575,-0.5747425,-0.7910545,0.134001,-5.9033471,4e-07,True
2.603705,-0.573495,-0.7906351,0.1339278,-5.9034432,4e-07,True
2.6049525,-0.5722475,-0.7902158,0.1338546,-5.9035374,4e-07,True
2.6062,-0.571,-0.7897964,0.1337815,-5.9036298,4e-07,True
2.6074475,-0.5697525,-0.7893771,0.1337084,-5.9037203,4e-07,True
2.608695,-0.568505,-0.7889578,0.1336354,-5.9038089,4e-07,True
2.6099425,-0.5672575,-0.7885384,0.1335624,-5.9038957,4e-07,True
2.61119,-0.56601,-0.7881191,0.1334894,-5.9039806,4e-07,True
2.6124375,-0.5647625,-0.7876997,0.1334165,-5.9040636,4e-07,True
2.613685,-0.563515,-0.7872804,0.1333437,-5.9041448,4e-07,True
2.6149325,-0.5622675,-0.786861,0.1332709,-5.904224,4e-07,True
2.61618,-0.56102,-0.7864417,0.1331981,-5.9043014,4e-07,True
2.6174275,-0.5597725,-0.7860223,0.1331254,-5.9043768,4e-07,True
2.618675,-0.558525,-0.785603,0.1330527,-5.9044504,4e-07,True
2.6199225,-0.5572775,-0.7851837,0.1329801,-5.904522,4e-07,True
2.62117,-0.55603,-0.7847643,0.1329075,-5.9045917,4e-07,True
2.6224175,-0.5547825,-0.784345,0.1328349,-5.9046594,4e-07,True
2.623665,-0.553535,-0.7839256,0.1327624,-5.9047252,4e-07,True
2.6249125,-0.5522875,-0.7835063,0.13269,-5.9047891,4e-07,True
2.62616,-0.55104,-0.7830869,0.1326176,-5.904851,4e-07,True
2.6274075,-0.5497925,-0.7826676,0.1325452,-5.904911,4e-07,True
2.628655,-0.548545,-0.7822482,0.1324729,-5.904969,4e-07,True
2.6299025,-0.5472975,-0.7818289,0.1324006,-5.905025,4e-07,True
2.63115,-0.54605,-0.7814096,0.1323284,-5.9050791,4e-07,True
2.6323975,-0.5448025,-0.7809902,0.1322562,-5.9051312,4e-07,True
2.633645,-0.543555,-0.7805709,0.1321841,-5.9051812,4e-07,True
2.6348925,-0.5423075,-0.7801515,0.132112,-5.9052293,4e-07,True
2.63614,-0.54106,-0.7797322,0.1320399,-5.9052754,4e-07,True
2.6373875,-0.5398125,-0.7793128,0.1319679,-5.9053195,4e-07,True
2.638635,-0.538565,-0.7788935,0.131896,-5.9053615,4e-07,True
2.6398825,-0.5373175,-0.7784741,0.1318241,-5.9054015,4e-07,True
2.64113,-0.53607,-0.7780548,0.1317522,-5.9054395,4e-07,True
2.6423775,-0.5348225,-0.7776355,0.1316804,-5.9054755,4e-07,True
2.643625,-0.533575,-0.7772161,0.1316086,-5.9055094,4e-07,True
2.6448725,-0.5323275,-0.7767968,0.1315369,-5.9055412,4e-07,True
2.64612,-0.53108,-0.7763774,0.1314653,-5.905571,4e-07,True
2.6473675,-0.5298325,-0.7759581,0.1313936,-5.9055988,4e-07,True
2.648615,-0.528585,-0.7755387,0.1313221,-5.9056244,4e-07,True
2.6498625,-0.5273375,-0.7751194,0.1312505,-5.905648,4e-07,True
2.65111,-0.52609,-0.7747,0.131179,-5.9056695,4e-07,True
2.6523575,-0.5248425,-0.7742807,0.1311076,-5.9056889,4e-07,True
2.653605,-0.523595,-0.7738614,0.1310362,-5.9057062,4e-07,True
2.6548525,-0.5223475,-0.773442,0.1309649,-5.9057214,4e-07,True
2.6561,-0.5211,-0.7730227,0.1308936,-5.9057345,4e-07,True
2.6573475,-0.5198525,-0.7726033,0.1308223,-5.9057455,4e-07,True
2.658595,-0.518605,-0.772184,0.1307511,-5.9057543,4e-07,True
2.6598425,-0.5173575,-0.7717646,0.13068,-5.905761,4e-07,True
2.66109,-0.51611,-0.7713453,0.1306089,-5.9057656,4e-07,True
2.6623375,-0.5148625,-0.7709259,0.1305378,-5.905768,4e-07,True
2.663585,-0.513615,-0.7705066,0.1304668,-5.9057683,4e-07,True
2.6648325,-0.5123675,-0.7700873,0.1303958,-5.9057664,4e-07,True
2.66608,-0.51112,-0.7696679,0.1303249,-5.9057623,4e-07,True
2.6673275,-0.5098725,-0.7692486,0.130254,-5.9057561,4e-07,True
2.668575,-0.508625,-0.7688292,0.1301832,-5.9057476,4e-07,True
2.6698225,-0.5073775,-0.7684099,0.1301124,-5.905737,4e-07,True
2.67107,-0.50613,-0.7679905,0.1300417,-5.9057242,4e-07,True
2.6723175,-0.5048825,-0.7675712,0.129971,-5.9057092,4e-07,True
2.673565,-0.503635,-0.7671518,0.1299004,-5.9056919,4e-07,True
2.6748125,-0.5023875,-0.7667325,0.1298298,-5.9056725,4e-07,True
2.67606,-0.50114,-0.7663132,0.1297593,-5.9056508,4e-07,True
2.6773075,-0.4998925,-0.7658938,0.1296888,-5.9056269,4e-07,True
2.678555,-0.498645,-0.7654745,0.1296184,-5.9056007,4e-07,True
2.6798025,-0.4973975,-0.7650551,0.129548,-5.9055723,4e-07,True
2.68105,-0.49615,-0.7646358,0.1294777,-5.9055416,4e-07,True
2.6822975,-0.4949025,-0.7642164,0.1294074,-5.9055087,4e-07,True
2.683545,-0.493655,-0.7637971,0.1293371,-5.9054735,4e-07,True
2.6847925,-0.4924075,-0.7633777,0.129267,-5.9054361,4e-07,True
2.68604,-0.49116,-0.7629584,0.1291968,-5.9053963,4e-07,True
2.6872875,-0.4899125,-0.7625391,0.1291267,-5.9053542,4e-07,True
2.688535,-0.488665,-0.7621197,0.1290567,-5.9053099,4e-07,True
2.6897825,-0.4874175,-0.7617004,0.1289867,-5.9052632,4e-07,True
2.69103,-0.48617,-0.761281,0.1289167,-5.9052143,4e-07,True
2.6922775,-0.4849225,-0.7608617,0.1288469,-5.905163,4e-07,True
2.693525,-0.483675,-0.7604423,0.128777,-5.9051094,4e-07,True
2.6947725,-0.4824275,-0.760023,0.1287072,-5.9050534,4e-07,True
2.69602,-0.48118,-0.7596036,0.1286375,-5.9049951,4e-07,True
2.6972675,-0.4799325,-0.7591843,0.1285678,-5.9049345,4e-07,True
2.698515,-0.478685,-0.758765,0.1284981,-5.9048715,4e-07,True
2.6997625,-0.4774375,-0.7583456,0.1284285,-5.9048061,4e-07,True
2.70101,-0.47619,-0.7579263,0.128359,-5.9047383,4e-07,True
2.7022575,-0.4749425,-0.7575069,0.1282895,-5.9046682,4e-07,True
2.703505,-0.473695,-0.7570876,0.1282201,-5.9045957,4e-07,True
2.7047525,-0.4724475,-0.7566682,0.1281507,-5.9045208,4e-07,True
2.706,-0.4712,-0.7562489,0.1280813,-5.9044435,4e-07,True
2.7072475,-0.4699525,-0.7558295,0.128012,-5.9043637,4e-07,True
2.708495,-0.468705,-0.7554102,0.1279428,-5.9042816,4e-07,True
2.7097425,-0.4674575,-0.7549909,0.1278736,-5.904197,4e-07,True
2.71099,-0.46621,-0.7545715,0.1278044,-5.90411,4e-07,True
2.7122375,-0.4649625,-0.7541522,0.1277354,-5.9040206,4e-07,True
2.713485,-0.463715,-0.7537328,0.1276663,-5.9039287,4e-07,True
2.7147325,-0.4624675,-0.7533135,0.1275973,-5.9038343,4e-07,True
2.71598,-0.46122,-0.7528941,0.1275284,-5.9037375,4e-07,True
2.7172275,-0.4599725,-0.7524748,0.1274595,-5.9036382,4e-07,True
2.718475,-0.458725,-0.7520554,0.1273907,-5.9035364,4e-07,True
2.7197225,-0.4574775,-0.7516361,0.1273219,-5.9034321,4e-07,True
2.72097,-0.45623,-0.7512168,0.1272532,-5.9033254,4e-07,True
2.7222175,-0.4549825,-0.7507974,0.1271845,-5.9032161,4e-07,True
2.723465,-0.453735,-0.7503781,0.1271158,-5.9031043,4e-07,True
2.7247125,-0.4524875,-0.7499587,0.1270473,-5.90299,4e-07,True
2.72596,-0.45124,-0.7495394,0.1269787,-5.9028732,4e-07,True
2.7272075,-0.4499925,-0.74912,0.1269103,-5.9027539,4e-07,True
2.728455,-0.448745,-0.7487007,0.1268418,-5.902632,4e-07,True
2.7297025,-0.4474975,-0.7482814,0.1267735,-5.9025075,4e-07,True
2.73095,-0.44625,-0.747862,0.1267052,-5.9023805,4e-07,True
2.7321975,-0.4450025,-0.7474427,0.1266369,-5.9022509,4e-07,True
2.733445,-0.443755,-0.7470233,0.1265687,-5.9021188,4e-07,True
2.7346925,-0.4425075,-0.746604,0.1265005,-5.901984,4e-07,True
2.73594,-0.44126,-0.7461846,0.1264324,-5.9018467,4e-07,True
2.7371875,-0.4400125,-0.7457653,0.1263643,-5.9017068,4e-07,True
2.738435,-0.438765,-0.7453459,0.1262963,-5.9015642,4e-07,True
2.7396825,-0.4375175,-0.7449266,0.1262284,-5.9014191,4e-07,True
2.74093,-0.43627,-0.7445073,0.1261605,-5.9012713,4e-07,True
2.7421775,-0.4350225,-0.7440879,0.1260926,-5.9011209,4e-07,True
2.743425,-0.433775,-0.7436686,0.1260248,-5.9009679,4e-07,True
2.7446725,-0.4325275,-0.7432492,0.1259571,-5.9008122,4e-07,True
2.74592,-0.43128,-0.7428299,0.1258894,-5.9006539,4e-07,True
2.7471675,-0.4300325,-0.7424105,0.1258218,-5.9004929,4e-07,True
2.748415,-0.428785,-0.7419912,0.1257542,-5.9003292,4e-07,True
2.7496625,-0.4275375,-0.7415718,0.1256867,-5.9001629,4e-07,True
2.75091,-0.42629,-0.7411525,0.1256192,-5.8999938,4e-07,True
2.7521575,-0.4250425,-0.7407332,0.1255518,-5.8998221,4e-07,True
2.753405,-0.423795,-0.7403138,0.1254844,-5.8996476,4e-07,True
2.7546525,-0.4225475,-0.7398945,0.1254171,-5.8994705,4e-07,True
2.7559,-0.4213,-0.7394751,0.1253498,-5.8992906,4e-07,True
2.7571475,-0.4200525,-0.7390558,0.1252826,-5.899108,4e-07,True
2.758395,-0.418805,-0.7386364,0.1252155,-5.8989227,4e-07,True
2.7596425,-0.4175575,-0.7382171,0.1251484,-5.8987346,4e-07,True
2.76089,-0.41631,-0.7377977,0.1250813,-5.8985438,4e-07,True
2.7621375,-0.4150625,-0.7373784,0.1250143,-5.8983502,4e-07,True
2.763385,-0.413815,-0.7369591,0.1249474,-5.8981538,4e-07,True
2.7646325,-0.4125675,-0.7365397,0.1248805,-5.8979547,4e-07,True
2.76588,-0.41132,-0.7361204,0.1248137,-5.8977528,4e-07,True
2.7671275,-0.4100725,-0.735701,0.1247469,-5.8975481,4e-07,True
2.768375,-0.408825,-0.7352817,0.1246802,-5.8973405,4e-07,True
2.7696225,-0.4075775,-0.7348623,0.1246136,-5.8971302,4e-07,True
2.77087,-0.40633,-0.734443,0.1245469,-5.896917,4e-07,True
2.7721175,-0.4050825,-0.7340236,0.1244804,-5.8967011,4e-07,True
2.773365,-0.403835,-0.7336043,0.1244139,-5.8964822,4e-07,True
2.7746125,-0.4025875,-0.733185,0.1243474,-5.8962606,4e-07,True
2.77586,-0.40134,-0.7327656,0.1242811,-5.8960361,4e-07,True
2.7771075,-0.4000925,-0.7323463,0.1242147,-5.8958087,4e-07,True
2.778355,-0.398845,-0.7319269,0.1241484,-5.8955784,4e-07,True
2.7796025,-0.3975975,-0.7315076,0.1240822,-5.8953453,4e-07,True
2.78085,-0.39635,-0.7310882,0.1240161,-5.8951093,4e-07,True
2.7820975,-0.3951025,-0.7306689,0.1239499,-5.8948704,4e-07,True
2.783345,-0.393855,-0.7302495,0.1238839,-5.8946286,4e-07,True
2.7845925,-0.3926075,-0.7298302,0.1238179,-5.8943838,4e-07,True
2.78584,-0.39136,-0.7294109,0.123752,-5.8941362,4e-07,True
2.7870875,-0.3901125,-0.7289915,0.1236861,-5.8938856,4e-07,True
2.788335,-0.388865,-0.7285722,0.1236202,-5.8936321,4e-07,True
2.7895825,-0.3876175,-0.7281528,0.1235545,-5.8933756,4e-07,True
2.79083,-0.38637,-0.7277335,0.1234887,-5.8931162,4e-07,True
2.7920775,-0.3851225,-0.7273141,0.1234231,-5.8928538,4e-07,True
2.793325,-0.383875,-0.7268948,0.1233575,-5.8925884,4e-07,True
2.7945725,-0.3826275,-0.7264754,0.1232919,-5.8923201,4e-07,True
2.79582,-0.38138,-0.7260561,0.1232264,-5.8920487,4e-07,True
2.7970675,-0.3801325,-0.7256368,0.123161,-5.8917744,4e-07,True
2.798315,-0.378885,-0.7252174,0.1230956,-5.8914971,4e-07,True
2.7995625,-0.3776375,-0.7247981,0.1230303,-5.8912167,4e-07,True
2.80081,-0.37639,-0.7243787,0.122965,-5.8909333,4e-07,True
2.8020575,-0.3751425,-0.7239594,0.1228998,-5.8906469,4e-07,True
2.803305,-0.373895,-0.72354,0.1228347,-5.8903574,4e-07,True
2.8045525,-0.3726475,-0.7231207,0.1227696,-5.8900649,4e-07,True
2.8058,-0.3714,-0.7227013,0.1227045,-5.8897693,4e-07,True
2.8070475,-0.3701525,-0.722282,0.1226395,-5.8894707,4e-07,True
2.808295,-0.368905,-0.7218627,0.1225746,-5.889169,4e-07,True
2.8095425,-0.3676575,-0.7214433,0.1225098,-5.8888642,4e-07,True
2.81079,-0.36641,-0.721024,0.1224449,-5.8885563,4e-07,True
2.8120375,-0.3651625,-0.7206046,0.1223802,-5.8882452,4e-07,True
2.813285,-0.363915,-0.7201853,0.1223155,-5.8879311,4e-07,True
2.8145325,-0.3626675,-0.7197659,0.1222509,-5.8876139,4e-07,True
2.81578,-0.36142,-0.7193466,0.1221863,-5.8872935,4e-07,True
2.8170275,-0.3601725,-0.7189272,0.1221218,-5.8869699,4e-07,True
2.818275,-0.358925,-0.7185079,0.1220573,-5.8866433,4e-07,True
2.8195225,-0.3576775,-0.7180886,0.1219929,-5.8863134,4e-07,True
2.82077,-0.35643,-0.7176692,0.1219286,-5.8859804,4e-07,True
2.8220175,-0.3551825,-0.7172499,0.1218643,-5.8856443,4e-07,True
2.823265,-0.353935,-0.7168305,0.1218001,-5.8853049,4e-07,True
2.8245125,-0.3526875,-0.7164112,0.1217359,-5.8849623,4e-07,True
2.82576,-0.35144,-0.7159918,0.1216718,-5.8846166,4e-07,True
2.8270075,-0.3501925,-0.7155725,0.1216077,-5.8842676,4e-07,True
2.828255,-0.348945,-0.7151531,0.1215438,-5.8839154,4e-07,True
2.8295025,-0.3476975,-0.7147338,0.1214798,-5.88356,4e-07,True
2.83075,-0.34645,-0.7143145,0.1214159,-5.8832013,4e-07,True
2.8319975,-0.3452025,-0.7138951,0.1213521,-5.8828394,4e-07,True
2.833245,-0.343955,-0.7134758,0.1212884,-5.8824742,4e-07,True
2.8344925,-0.3427075,-0.7130564,0.1212247,-5.8821057,4e-07,True
2.83574,-0.34146,-0.7126371,0.1211611,-5.881734,4e-07,True
2.8369875,-0.3402125,-0.7122177,0.1210975,-5.881359,4e-07,True
2.838235,-0.338965,-0.7117984,0.121034,-5.8809807,4e-07,True
2.8394825,-0.3377175,-0.711379,0.1209705,-5.8805991,4e-07,True
2.84073,-0.33647,-0.7109597,0.1209071,-5.8802142,4e-07,True
2.8419775,-0.3352225,-0.7105404,0.1208438,-5.8798259,4e-07,True
2.843225,-0.333975,-0.710121,0.1207805,-5.8794343,4e-07,True
2.8444725,-0.3327275,-0.7097017,0.1207173,-5.8790394,4e-07,True
2.84572,-0.33148,-0.7092823,0.1206541,-5.8786411,4e-07,True
2.8469675,-0.3302325,-0.708863,0.120591,-5.8782395,4e-07,True
2.848215,-0.328985,-0.7084436,0.120528,-5.8778345,4e-07,True
2.8494625,-0.3277375,-0.7080243,0.120465,-5.8774261,4e-07,True
2.85071,-0.32649,-0.7076049,0.1204021,-5.8770144,4e-07,True
2.8519575,-0.3252425,-0.7071856,0.1203393,-5.8765992,4e-07,True
2.853205,-0.323995,-0.7067663,0.1202765,-5.8761806,4e-07,True
2.8544525,-0.3227475,-0.7063469,0.1202137,-5.8757586,4e-07,True
2.8557,-0.3215,-0.7059276,0.1201511,-5.8753332,4e-07,True
2.8569475,-0.3202525,-0.7055082,0.1200885,-5.8749044,4e-07,True
2.858195,-0.319005,-0.7050889,0.1200259,-5.8744721,4e-07,True
2.8594425,-0.3177575,-0.7046695,0.1199634,-5.8740363,4e-07,True
2.86069,-0.31651,-0.7042502,0.119901,-5.8735971,4e-07,True
2.8619375,-0.3152625,-0.7038308,0.1198386,-5.8731545,4e-07,True
2.863185,-0.314015,-0.7034115,0.1197763,-5.8727083,4e-07,True
2.8644325,-0.3127675,-0.7029922,0.1197141,-5.8722586,4e-07,True
2.86568,-0.31152,-0.7025728,0.1196519,-5.8718055,5e-07,True
2.8669275,-0.3102725,-0.7021535,0.1195898,-5.8713488,5e-07,True
2.868175,-0.309025,-0.7017341,0.1195278,-5.8708886,5e-07,True
2.8694225,-0.3077775,-0.7013148,0.1194658,-5.8704249,5e-07,True
2.87067,-0.30653,-0.7008954,0.1194038,-5.8699577,5e-07,True
2.8719175,-0.3052825,-0.7004761,0.119342,-5.8694869,5e-07,True
2.873165,-0.304035,-0.7000567,0.1192802,-5.8690125,5e-07,True
2.8744125,-0.3027875,-0.6996374,0.1192184,-5.8685346,5e-07,True
2.87566,-0.30154,-0.6992181,0.1191567,-5.8680531,5e-07,True
2.8769075,-0.3002925,-0.6987987,0.1190951,-5.867568,5e-07,True
2.878155,-0.299045,-0.6983794,0.1190336,-5.8670793,5e-07,True
2.8794025,-0.2977975,-0.69796,0.1189721,-5.866587,5e-07,True
2.88065,-0.29655,-0.6975407,0.1189106,-5.8660911,5e-07,True
2.8818975,-0.2953025,-0.6971213,0.1188493,-5.8655916,5e-07,True
2.883145,-0.294055,-0.696702,0.118788,-5.8650884,5e-07,True
2.8843925,-0.2928075,-0.6962827,0.1187267,-5.8645816,5e-07,True
2.88564,-0.29156,-0.6958633,0.1186656,-5.8640711,5e-07,True
2.8868875,-0.2903125,-0.695444,0.1186045,-5.863557,5e-07,True
2.888135,-0.289065,-0.6950246,0.1185434,-5.8630392,5e-07,True
2.8893825,-0.2878175,-0.6946053,0.1184824,-5.8625177,5e-07,True
2.89063,-0.28657,-0.6941859,0.1184215,-5.8619925,5e-07,True
2.8918775,-0.2853225,-0.6937666,0.1183606,-5.8614636,5e-07,True
2.893125,-0.284075,-0.6933472,0.1182998,-5.860931,5e-07,True
2.8943725,-0.2828275,-0.6929279,0.1182391,-5.8603947,5e-07,True
2.89562,-0.28158,-0.6925086,0.1181785,-5.8598546,5e-07,True
2.8968675,-0.2803325,-0.6920892,0.1181179,-5.8593109,5e-07,True
2.898115,-0.279085,-0.6916699,0.1180573,-5.8587633,5e-07,True
2.8993625,-0.2778375,-0.6912505,0.1179968,-5.858212,5e-07,True
2.90061,-0.27659,-0.6908312,0.1179364,-5.8576569,5e-07,True
2.9018575,-0.2753425,-0.6904118,0.1178761,-5.8570981,5e-07,True
2.903105,-0.274095,-0.6899925,0.1178158,-5.8565354,5e-07,True
2.9043525,-0.2728475,-0.6895731,0.1177556,-5.855969,5e-07,True
2.9056,-0.2716,-0.6891538,0.1176955,-5.8553987,5e-07,True
2.9068475,-0.2703525,-0.6887345,0.1176354,-5.8548246,5e-07,True
2.908095,-0.269105,-0.6883151,0.1175754,-5.8542467,5e-07,True
2.9093425,-0.2678575,-0.6878958,0.1175154,-5.853665,5e-07,True
2.91059,-0.26661,-0.6874764,0.1174555,-5.8530794,5e-07,True
2.9118375,-0.2653625,-0.6870571,0.1173957,-5.8524899,5e-07,True
2.913085,-0.264115,-0.6866377,0.1173359,-5.8518966,5e-07,True
2.9143325,-0.2628675,-0.6862184,0.1172762,-5.8512994,5e-07,True
2.91558,-0.26162,-0.685799,0.1172166,-5.8506983,5e-07,True
2.9168275,-0.2603725,-0.6853797,0.1171571,-5.8500933,5e-07,True
2.918075,-0.259125,-0.6849604,0.1170976,-5.8494844,5e-07,True
2.9193225,-0.2578775,-0.684541,0.1170381,-5.8488715,5e-07,True
2.92057,-0.25663,-0.6841217,0.1169788,-5.8482548,5e-07,True
2.9218175,-0.2553825,-0.6837023,0.1169195,-5.8476341,5e-07,True
2.923065,-0.254135,-0.683283,0.1168602,-5.8470094,5e-07,True
2.9243125,-0.2528875,-0.6828636,0.1168011,-5.8463808,5e-07,True
2.92556,-0.25164,-0.6824443,0.116742,-5.8457483,5e-07,True
2.9268075,-0.2503925,-0.6820249,0.116683,-5.8451117,5e-07,True
2.928055,-0.249145,-0.6816056,0.116624,-5.8444712,5e-07,True
2.9293025,-0.2478975,-0.6811863,0.1165651,-5.8438266,5e-07,True
2.93055,-0.24665,-0.6807669,0.1165063,-5.8431781,5e-07,True
2.9317975,-0.2454025,-0.6803476,0.1164475,-5.8425255,5e-07,True
2.933045,-0.244155,-0.6799282,0.1163888,-5.8418689,5e-07,True
2.9342925,-0.2429075,-0.6795089,0.1163302,-5.8412083,5e-07,True
2.93554,-0.24166,-0.6790895,0.1162716,-5.8405436,5e-07,True
2.9367875,-0.2404125,-0.6786702,0.1162131,-5.8398748,5e-07,True
2.938035,-0.239165,-0.6782508,0.1161547,-5.839202,5e-07,True
2.9392825,-0.2379175,-0.6778315,0.1160964,-5.8385251,5e-07,True
2.94053,-0.23667,-0.6774122,0.1160381,-5.8378441,5e-07,True
2.9417775,-0.2354225,-0.6769928,0.1159798,-5.837159,5e-07,True
2.943025,-0.234175,-0.6765735,0.1159217,-5.8364698,5e-07,True
2.9442725,-0.2329275,-0.6761541,0.1158636,-5.8357765,5e-07,True
2.94552,-0.23168,-0.6757348,0.1158056,-5.835079,5e-07,True
2.9467675,-0.2304325,-0.6753154,0.1157476,-5.8343774,5e-07,True
2.948015,-0.229185,-0.6748961,0.1156898,-5.8336717,5e-07,True
2.9492625,-0.2279375,-0.6744767,0.1156319,-5.8329618,5e-07,True
2.95051,-0.22669,-0.6740574,0.1155742,-5.8322477,5e-07,True
2.9517575,-0.2254425,-0.6736381,0.1155165,-5.8315295,5e-07,True
2.953005,-0.224195,-0.6732187,0.1154589,-5.830807,5e-07,True
2.9542525,-0.2229475,-0.6727994,0.1154014,-5.8300804,5e-07,True
2.9555,-0.2217,-0.67238,0.1153439,-5.8293495,5e-07,True
2.9567475,-0.2204525,-0.6719607,0.1152865,-5.8286144,5e-07,True
2.957995,-0.219205,-0.6715413,0.1152292,-5.8278751,5e-07,True
2.9592425,-0.2179575,-0.671122,0.1151719,-5.8271315,5e-07,True
2.96049,-0.21671,-0.6707026,0.1151147,-5.8263837,5e-07,True
2.9617375,-0.2154625,-0.6702833,0.1150576,-5.8256316,5e-07,True
2.962985,-0.214215,-0.669864,0.1150006,-5.8248753,5e-07,True
2.9642325,-0.2129675,-0.6694446,0.1149436,-5.8241147,5e-07,True
2.96548,-0.21172,-0.6690253,0.1148867,-5.8233497,5e-07,True
2.9667275,-0.2104725,-0.6686059,0.1148298,-5.8225805,5e-07,True
2.967975,-0.209225,-0.6681866,0.1147731,-5.821807,5e-07,True
2.9692225,-0.2079775,-0.6677672,0.1147164,-5.8210291,5e-07,True
2.97047,-0.20673,-0.6673479,0.1146597,-5.8202469,5e-07,True
2.9717175,-0.2054825,-0.6669285,0.1146032,-5.8194603,5e-07,True
2.972965,-0.204235,-0.6665092,0.1145467,-5.8186694,5e-07,True
2.9742125,-0.2029875,-0.6660899,0.1144902,-5.8178742,5e-07,True
2.97546,-0.20174,-0.6656705,0.1144339,-5.8170745,5e-07,True
2.9767075,-0.2004925,-0.6652512,0.1143776,-5.8162705,5e-07,True
2.977955,-0.199245,-0.6648318,0.1143214,-5.8154621,5e-07,True
2.9792025,-0.1979975,-0.6644125,0.1142653,-5.8146492,5e-07,True
2.98045,-0.19675,-0.6639931,0.1142092,-5.813832,6e-07,True
2.9816975,-0.1955025,-0.6635738,0.1141532,-5.8130103,6e-07,True
2.982945,-0.194255,-0.6631544,0.1140973,-5.8121842,6e-07,True
2.9841925,-0.1930075,-0.6627351,0.1140414,-5.8113536,6e-07,True
2.98544,-0.19176,-0.6623158,0.1139857,-5.8105186,6e-07,True
2.9866875,-0.1905125,-0.6618964,0.1139299,-5.8096791,6e-07,True
2.987935,-0.189265,-0.6614771,0.1138743,-5.8088351,6e-07,True
2.9891825,-0.1880175,-0.6610577,0.1138187,-5.8079866,6e-07,True
2.99043,-0.18677,-0.6606384,0.1137632,-5.8071337,6e-07,True
2.9916775,-0.1855225,-0.660219,0.1137078,-5.8062762,6e-07,True
2.992925,-0.184275,-0.6597997,0.1136525,-5.8054142,6e-07,True
2.9941725,-0.1830275,-0.6593803,0.1135972,-5.8045477,6e-07,True
2.99542,-0.18178,-0.658961,0.113542,-5.8036766,6e-07,True
2.9966675,-0.1805325,-0.6585417,0.1134869,-5.802801,6e-07,True
2.997915,-0.179285,-0.6581223,0.1134318,-5.8019208,6e-07,True
2.9991625,-0.1780375,-0.657703,0.1133768,-5.8010361,6e-07,True
3.00041,-0.17679,-0.6572836,0.1133219,-5.8001467,6e-07,True
3.0016575,-0.1755425,-0.6568643,0.1132671,-5.7992528,6e-07,True
3.002905,-0.174295,-0.6564449,0.1132123,-5.7983543,6e-07,True
3.0041525,-0.1730475,-0.6560256,0.1131576,-5.7974511,6e-07,True
3.0054,-0.1718,-0.6556062,0.113103,-5.7965434,6e-07,True
3.0066475,-0.1705525,-0.6551869,0.1130484,-5.7956309,6e-07,True
3.007895,-0.169305,-0.6547676,0.1129939,-5.7947139,6e-07,True
3.0091425,-0.1680575,-0.6543482,0.1129395,-5.7937922,6e-07,True
3.01039,-0.16681,-0.6539289,0.1128852,-5.7928658,6e-07,True
3.0116375,-0.1655625,-0.6535095,0.112831,-5.7919348,6e-07,True
3.012885,-0.164315,-0.6530902,0.1127768,-5.790999,6e-07,True
3.0141325,-0.1630675,-0.6526708,0.1127227,-5.7900586,6e-07,True
3.01538,-0.16182,-0.6522515,0.1126686,-5.7891135,6e-07,True
3.0166275,-0.1605725,-0.6518321,0.1126147,-5.7881636,6e-07,True
3.017875,-0.159325,-0.6514128,0.1125608,-5.787209,6e-07,True
3.0191225,-0.1580775,-0.6509935,0.112507,-5.7862497,6e-07,True
3.02037,-0.15683,-0.6505741,0.1124532,-5.7852857,6e-07,True
3.0216175,-0.1555825,-0.6501548,0.1123996,-5.7843168,6e-07,True
3.022865,-0.154335,-0.6497354,0.112346,-5.7833432,6e-07,True
3.0241125,-0.1530875,-0.6493161,0.1122925,-5.7823648,6e-07,True
3.02536,-0.15184,-0.6488967,0.112239,-5.7813817,6e-07,True
3.0266075,-0.1505925,-0.6484774,0.1121857,-5.7803937,6e-07,True
3.027855,-0.149345,-0.648058,0.1121324,-5.7794009,6e-07,True
3.0291025,-0.1480975,-0.6476387,0.1120792,-5.7784033,6e-07,True
3.03035,-0.14685,-0.6472194,0.112026,-5.7774009,6e-07,True
3.0315975,-0.1456025,-0.6468,0.111973,-5.7763936,6e-07,True
3.032845,-0.144355,-0.6463807,0.11192,-5.7753815,6e-07,True
3.0340925,-0.1431075,-0.6459613,0.1118671,-5.7743645,6e-07,True
3.03534,-0.14186,-0.645542,0.1118143,-5.7733426,6e-07,True
3.0365875,-0.1406125,-0.6451226,0.1117615,-5.7723159,6e-07,True
3.037835,-0.139365,-0.6447033,0.1117088,-5.7712842,6e-07,True
3.0390825,-0.1381175,-0.644284,0.1116562,-5.7702477,6e-07,True
3.04033,-0.13687,-0.6438646,0.1116037,-5.7692062,6e-07,True
3.0415775,-0.1356225,-0.6434453,0.1115512,-5.7681598,6e-07,True
3.042825,-0.134375,-0.6430259,0.1114988,-5.7671085,6e-07,True
3.0440725,-0.1331275,-0.6426066,0.1114465,-5.7660522,6e-07,True
3.04532,-0.13188,-0.6421872,0.1113943,-5.764991,7e-07,True
3.0465675,-0.1306325,-0.6417679,0.1113422,-5.7639248,7e-07,True
3.047815,-0.129385,-0.6413485,0.1112901,-5.7628536,7e-07,True
3.0490625,-0.1281375,-0.6409292,0.1112381,-5.7617775,7e-07,True
3.05031,-0.12689,-0.6405099,0.1111862,-5.7606963,7e-07,True
3.0515575,-0.1256425,-0.6400905,0.1111343,-5.7596102,7e-07,True
3.052805,-0.124395,-0.6396712,0.1110826,-5.758519,7e-07,True
3.0540525,-0.1231475,-0.6392518,0.1110309,-5.7574228,7e-07,True
3.0553,-0.1219,-0.6388325,0.1109793,-5.7563215,7e-07,True
3.0565475,-0.1206525,-0.6384131,0.1109278,-5.7552152,7e-07,True
3.057795,-0.119405,-0.6379938,0.1108763,-5.7541038,7e-07,True
3.0590425,-0.1181575,-0.6375744,0.1108249,-5.7529874,7e-07,True
3.06029,-0.11691,-0.6371551,0.1107736,-5.7518659,7e-07,True
3.0615375,-0.1156625,-0.6367358,0.1107224,-5.7507393,7e-07,True
3.062785,-0.114415,-0.6363164,0.1106713,-5.7496076,7e-07,True
3.0640325,-0.1131675,-0.6358971,0.1106202,-5.7484708,7e-07,True
3.06528,-0.11192,-0.6354777,0.1105692,-5.7473288,7e-07,True
3.0665275,-0.1106725,-0.6350584,0.1105183,-5.7461818,7e-07,True
3.067775,-0.109425,-0.634639,0.1104675,-5.7450296,7e-07,True
3.0690225,-0.1081775,-0.6342197,0.1104167,-5.7438722,7e-07,True
3.07027,-0.10693,-0.6338003,0.1103661,-5.7427097,7e-07,True
3.0715175,-0.1056825,-0.633381,0.1103155,-5.741542,7e-07,True
3.072765,-0.104435,-0.6329617,0.110265,-5.7403691,7e-07,True
3.0740125,-0.1031875,-0.6325423,0.1102145,-5.739191,7e-07,True
3.07526,-0.10194,-0.632123,0.1101642,-5.7380077,7e-07,True
3.0765075,-0.1006925,-0.6317036,0.1101139,-5.7368192,7e-07,True
3.077755,-0.099445,-0.6312843,0.1100637,-5.7356255,7e-07,True
3.0790025,-0.0981975,-0.6308649,0.1100136,-5.7344265,7e-07,True
3.08025,-0.09695,-0.6304456,0.1099636,-5.7332223,7e-07,True
3.0814975,-0.0957025,-0.6300262,0.1099136,-5.7320129,7e-07,True
3.082745,-0.094455,-0.6296069,0.1098637,-5.7307981,7e-07,True
3.0839925,-0.0932075,-0.6291876,0.1098139,-5.7295781,7e-07,True
3.08524,-0.09196,-0.6287682,0.1097642,-5.7283529,7e-07,True
3.0864875,-0.0907125,-0.6283489,0.1097146,-5.7271223,7e-07,True
3.087735,-0.089465,-0.6279295,0.109665,-5.7258864,7e-07,True
3.0889825,-0.0882175,-0.6275102,0.1096156,-5.7246452,7e-07,True
3.09023,-0.08697,-0.6270908,0.1095662,-5.7233987,8e-07,True
3.0914775,-0.0857225,-0.6266715,0.1095168,-5.7221468,8e-07,True
3.092725,-0.084475,-0.6262521,0.1094676,-5.7208896,8e-07,True
3.0939725,-0.0832275,-0.6258328,0.1094185,-5.719627,8e-07,True
3.09522,-0.08198,-0.6254135,0.1093694,-5.7183591,8e-07,True
3.0964675,-0.0807325,-0.6249941,0.1093204,-5.7170858,8e-07,True
3.097715,-0.079485,-0.6245748,0.1092715,-5.7158071,8e-07,True
3.0989625,-0.0782375,-0.6241554,0.1092227,-5.714523,8e-07,True
3.10021,-0.07699,-0.6237361,0.1091739,-5.7132335,8e-07,True
3.1014575,-0.0757425,-0.6233167,0.1091253,-5.7119385,8e-07,True
3.102705,-0.074495,-0.6228974,0.1090767,-5.7106382,8e-07,True
3.1039525,-0.0732475,-0.622478,0.1090282,-5.7093324,8e-07,True
3.1052,-0.072,-0.6220587,0.1089797,-5.7080211,8e-07,True
3.1064475,-0.0707525,-0.6216394,0.1089314,-5.7067045,8e-07,True
3.107695,-0.069505,-0.62122,0.1088832,-5.7053823,8e-07,True
3.1089425,-0.0682575,-0.6208007,0.108835,-5.7040546,8e-07,True
3.11019,-0.06701,-0.6203813,0.1087869,-5.7027215,8e-07,True
3.1114375,-0.0657625,-0.619962,0.1087389,-5.7013829,8e-07,True
3.112685,-0.064515,-0.6195426,0.108691,-5.7000388,8e-07,True
3.1139325,-0.0632675,-0.6191233,0.1086431,-5.6986891,8e-07,True
3.11518,-0.06202,-0.6187039,0.1085953,-5.6973339,8e-07,True
3.1164275,-0.0607725,-0.6182846,0.1085477,-5.6959732,8e-07,True
3.117675,-0.059525,-0.6178653,0.1085001,-5.694607,8e-07,True
3.1189225,-0.0582775,-0.6174459,0.1084526,-5.6932351,8e-07,True
3.12017,-0.05703,-0.6170266,0.1084051,-5.6918577,8e-07,True
3.1214175,-0.0557825,-0.6166072,0.1083578,-5.6904748,8e-07,True
3.122665,-0.054535,-0.6161879,0.1083105,-5.6890862,8e-07,True
3.1239125,-0.0532875,-0.6157685,0.1082633,-5.6876921,8e-07,True
3.12516,-0.05204,-0.6153492,0.1082162,-5.6862923,9e-07,True
3.1264075,-0.0507925,-0.6149298,0.1081692,-5.684887,9e-07,True
3.127655,-0.049545,-0.6145105,0.1081223,-5.683476,9e-07,True
3.1289025,-0.0482975,-0.6140912,0.1080755,-5.6820593,9e-07,True
3.13015,-0.04705,-0.6136718,0.1080287,-5.680637,9e-07,True
3.1313975,-0.0458025,-0.6132525,0.107982,-5.6792091,9e-07,True
3.132645,-0.044555,-0.6128331,0.1079354,-5.6777755,9e-07,True
3.1338925,-0.0433075,-0.6124138,0.1078889,-5.6763362,9e-07,True
3.13514,-0.04206,-0.6119944,0.1078425,-5.6748913,9e-07,True
3.1363875,-0.0408125,-0.6115751,0.1077962,-5.6734406,9e-07,True
3.137635,-0.039565,-0.6111557,0.1077499,-5.6719843,9e-07,True
3.1388825,-0.0383175,-0.6107364,0.1077037,-5.6705222,9e-07,True
3.14013,-0.03707,-0.6103171,0.1076576,-5.6690544,9e-07,True
3.1413775,-0.0358225,-0.6098977,0.1076116,-5.6675809,9e-07,True
3.142625,-0.034575,-0.6094784,0.1075657,-5.6661016,9e-07,True
3.1438725,-0.0333275,-0.609059,0.1075199,-5.6646166,9e-07,True
3.14512,-0.03208,-0.6086397,0.1074742,-5.6631258,9e-07,True
3.1463675,-0.0308325,-0.6082203,0.1074285,-5.6616292,9e-07,True
3.147615,-0.029585,-0.607801,0.1073829,-5.6601269,9e-07,True
3.1488625,-0.0283375,-0.6073816,0.1073374,-5.6586188,9e-07,True
3.15011,-0.02709,-0.6069623,0.107292,-5.6571048,9e-07,True
3.1513575,-0.0258425,-0.606543,0.1072467,-5.6555851,9e-07,True
3.152605,-0.024595,-0.6061236,0.1072015,-5.6540595,1e-06,True
3.1538525,-0.0233475,-0.6057043,0.1071563,-5.6525282,1e-06,True
3.1551,-0.0221,-0.6052849,0.1071113,-5.6509909,1e-06,True
3.1563475,-0.0208525,-0.6048656,0.1070663,-5.6494479,1e-06,True
3.157595,-0.019605,-0.6044462,0.1070214,-5.647899,1e-06,True
3.1588425,-0.0183575,-0.6040269,0.1069766,-5.6463442,1e-06,True
3.16009,-0.01711,-0.6036075,0.1069319,-5.6447835,1e-06,True
3.1613375,-0.0158625,-0.6031882,0.1068873,-5.6432169,1e-06,True
3.162585,-0.014615,-0.6027689,0.1068428,-5.6416445,1e-06,True
3.1638325,-0.0133675,-0.6023495,0.1067983,-5.6400662,1e-06,True
3.16508,-0.01212,-0.6019302,0.1067539,-5.6384819,1e-06,True
3.1663275,-0.0108725,-0.6015108,0.1067097,-5.6368917,1e-06,True
3.167575,-0.009625,-0.6010915,0.1066655,-5.6352956,1e-06,True
3.1688225,-0.0083775,-0.6006721,0.1066214,-5.6336936,1e-06,True
3.17007,-0.00713,-0.6002528,0.1065774,-5.6320856,1e-06,True
3.1713175,-0.0058825,-0.5998334,0.1065334,-5.6304716,1e-06,True
3.172565,-0.004635,-0.5994141,0.1064896,-5.6288517,1e-06,True
3.1738125,-0.0033875,-0.5989948,0.1064458,-5.6272258,1e-06,True
3.17506,-0.00214,-0.5985754,0.1064022,-5.6255939,1.1e-06,True
3.1763075,-0.0008925,-0.5981561,0.1063586,-5.623956,1.1e-06,True
3.177555,0.000355,-0.5977367,0.1063151,-5.6223121,1.1e-06,True
3.1788025,0.0016025,-0.5973174,0.1062717,-5.6206622,1.1e-06,True
3.18005,0.00285,-0.596898,0.1062284,-5.6190063,1.1e-06,True
3.1812975,0.0040975,-0.5964787,0.1061852,-5.6173444,1.1e-06,True
3.182545,0.005345,-0.5960593,0.106142,-5.6156764,1.1e-06,True
3.1837925,0.0065925,-0.59564,0.106099,-5.6140023,1.1e-06,True
3.18504,0.00784,-0.5952207,0.106056,-5.6123222,1.1e-06,True
3.1862875,0.0090875,-0.5948013,0.1060132,-5.6106361,1.1e-06,True
3.187535,0.010335,-0.594382,0.1059704,-5.6089438,1.1e-06,True
3.1887825,0.0115825,-0.5939626,0.1059277,-5.6072455,1.1e-06,True
3.19003,0.01283,-0.5935433,0.1058851,-5.6055411,1.1e-06,True
3.1912775,0.0140775,-0.5931239,0.1058426,-5.6038306,1.1e-06,True
3.192525,0.015325,-0.5927046,0.1058002,-5.602114,1.1e-06,True
3.1937725,0.0165725,-0.5922853,0.1057578,-5.6003912,1.1e-06,True
3.19502,0.01782,-0.5918659,0.1057156,-5.5986624,1.2e-06,True
3.1962675,0.0190675,-0.5914466,0.1056734,-5.5969274,1.2e-06,True
3.197515,0.020315,-0.5910272,0.1056314,-5.5951862,1.2e-06,True
3.1987625,0.0215625,-0.5906079,0.1055894,-5.5934389,1.2e-06,True
3.20001,0.02281,-0.5901885,0.1055475,-5.5916854,1.2e-06,True
3.2012575,0.0240575,-0.5897692,0.1055057,-5.5899258,1.2e-06,True
3.202505,0.025305,-0.5893498,0.105464,-5.58816,1.2e-06,True
3.2037525,0.0265525,-0.5889305,0.1054224,-5.586388,1.2e-06,True
3.205,0.0278,-0.5885112,0.1053809,-5.5846098,1.2e-06,True
3.2062475,0.0290475,-0.5880918,0.1053395,-5.5828254,1.2e-06,True
3.207495,0.030295,-0.5876725,0.1052981,-5.5810348,1.2e-06,True
3.2087425,0.0315425,-0.5872531,0.1052569,-5.579238,1.2e-06,True
3.20999,0.03279,-0.5868338,0.1052157,-5.5774349,1.2e-06,True
3.2112375,0.0340375,-0.5864144,0.1051746,-5.5756256,1.2e-06,True
3.212485,0.035285,-0.5859951,0.1051337,-5.5738101,1.3e-06,True
3.2137325,0.0365325,-0.5855757,0.1050928,-5.5719883,1.3e-06,True
3.21498,0.03778,-0.5851564,0.105052,-5.5701602,1.3e-06,True
3.2162275,0.0390275,-0.5847371,0.1050113,-5.5683259,1.3e-06,True
3.217475,0.040275,-0.5843177,0.1049707,-5.5664853,1.3e-06,True
3.2187225,0.0415225,-0.5838984,0.1049302,-5.5646384,1.3e-06,True
3.21997,0.04277,-0.583479,0.1048897,-5.5627852,1.3e-06,True
3.2212175,0.0440175,-0.5830597,0.1048494,-5.5609257,1.3e-06,True
3.222465,0.045265,-0.5826403,0.1048091,-5.5590599,1.3e-06,True
3.2237125,0.0465125,-0.582221,0.104769,-5.5571877,1.3e-06,True
3.22496,0.04776,-0.5818016,0.1047289,-5.5553093,1.3e-06,True
3.2262075,0.0490075,-0.5813823,0.104689,-5.5534245,1.3e-06,True
3.227455,0.050255,-0.580963,0.1046491,-5.5515334,1.4e-06,True
3.2287025,0.0515025,-0.5805436,0.1046093,-5.5496359,1.4e-06,True
3.22995,0.05275,-0.5801243,0.1045696,-5.5477321,1.4e-06,True
3.2311975,0.0539975,-0.5797049,0.10453,-5.5458219,1.4e-06,True
3.232445,0.055245,-0.5792856,0.1044905,-5.5439053,1.4e-06,True
3.2336925,0.0564925,-0.5788662,0.1044511,-5.5419823,1.4e-06,True
3.23494,0.05774,-0.5784469,0.1044118,-5.540053,1.4e-06,True
3.2361875,0.0589875,-0.5780275,0.1043726,-5.5381173,1.4e-06,True
3.237435,0.060235,-0.5776082,0.1043334,-5.5361751,1.4e-06,True
3.2386825,0.0614825,-0.5771889,0.1042944,-5.5342265,1.4e-06,True
3.23993,0.06273,-0.5767695,0.1042555,-5.5322716,1.4e-06,True
3.2411775,0.0639775,-0.5763502,0.1042166,-5.5303102,1.5e-06,True
3.242425,0.065225,-0.5759308,0.1041779,-5.5283423,1.5e-06,True
3.2436725,0.0664725,-0.5755115,0.1041392,-5.526368,1.5e-06,True
3.24492,0.06772,-0.5750921,0.1041006,-5.5243873,1.5e-06,True
3.2461675,0.0689675,-0.5746728,0.1040621,-5.5224001,1.5e-06,True
3.247415,0.070215,-0.5742534,0.1040238,-5.5204065,1.5e-06,True
3.2486625,0.0714625,-0.5738341,0.1039855,-5.5184064,1.5e-06,True
3.24991,0.07271,-0.5734148,0.1039473,-5.5163998,1.5e-06,True
3.2511575,0.0739575,-0.5729954,0.1039092,-5.5143867,1.5e-06,True
3.252405,0.075205,-0.5725761,0.1038712,-5.5123671,1.5e-06,True
3.2536525,0.0764525,-0.5721567,0.1038333,-5.510341,1.6e-06,True
3.2549,0.0777,-0.5717374,0.1037955,-5.5083084,1.6e-06,True
3.2561475,0.0789475,-0.571318,0.1037577,-5.5062694,1.6e-06,True
3.257395,0.080195,-0.5708987,0.1037201,-5.5042237,1.6e-06,True
3.2586425,0.0814425,-0.5704793,0.1036826,-5.5021716,1.6e-06,True
3.25989,0.08269,-0.57006,0.1036451,-5.5001129,1.6e-06,True
3.2611375,0.0839375,-0.5696407,0.1036078,-5.4980477,1.6e-06,True
3.262385,0.085185,-0.5692213,0.1035706,-5.4959759,1.6e-06,True
3.2636325,0.0864325,-0.568802,0.1035334,-5.4938976,1.6e-06,True
3.26488,0.08768,-0.5683826,0.1034964,-5.4918127,1.7e-06,True
3.2661275,0.0889275,-0.5679633,0.1034594,-5.4897212,1.7e-06,True
3.267375,0.090175,-0.5675439,0.1034225,-5.4876232,1.7e-06,True
3.2686225,0.0914225,-0.5671246,0.1033858,-5.4855186,1.7e-06,True
3.26987,0.09267,-0.5667052,0.1033491,-5.4834074,1.7e-06,True
3.2711175,0.0939175,-0.5662859,0.1033125,-5.4812896,1.7e-06,True
3.272365,0.095165,-0.5658666,0.1032761,-5.4791652,1.7e-06,True
3.2736125,0.0964125,-0.5654472,0.1032397,-5.4770342,1.7e-06,True
3.27486,0.09766,-0.5650279,0.1032034,-5.4748966,1.8e-06,True
3.2761075,0.0989075,-0.5646085,0.1031672,-5.4727523,1.8e-06,True
3.277355,0.100155,-0.5641892,0.1031311,-5.4706015,1.8e-06,True
3.2786025,0.1014025,-0.5637698,0.1030951,-5.468444,1.8e-06,True
3.27985,0.10265,-0.5633505,0.1030592,-5.4662798,1.8e-06,True
3.2810975,0.1038975,-0.5629311,0.1030234,-5.464109,1.8e-06,True
3.282345,0.105145,-0.5625118,0.1029877,-5.4619316,1.8e-06,True
3.2835925,0.1063925,-0.5620925,0.1029521,-5.4597475,1.9e-06,True
3.28484,0.10764,-0.5616731,0.1029166,-5.4575567,1.9e-06,True
3.2860875,0.1088875,-0.5612538,0.1028812,-5.4553593,1.9e-06,True
3.287335,0.110135,-0.5608344,0.1028459,-5.4531552,1.9e-06,True
3.2885825,0.1113825,-0.5604151,0.1028106,-5.4509444,1.9e-06,True
3.28983,0.11263,-0.5599957,0.1027755,-5.4487269,1.9e-06,True
3.2910775,0.1138775,-0.5595764,0.1027405,-5.4465027,1.9e-06,True
3.292325,0.115125,-0.559157,0.1027056,-5.4442718,2e-06,True
3.2935725,0.1163725,-0.5587377,0.1026707,-5.4420342,2e-06,True
3.29482,0.11762,-0.5583184,0.102636,-5.4397899,2e-06,True
3.2960675,0.1188675,-0.557899,0.1026014,-5.4375389,2e-06,True
3.297315,0.120115,-0.5574797,0.1025668,-5.4352812,2e-06,True
3.2985625,0.1213625,-0.5570603,0.1025324,-5.4330167,2e-06,True
3.29981,0.12261,-0.556641,0.1024981,-5.4307455,2e-06,True
3.3010575,0.1238575,-0.5562216,0.1024638,-5.4284676,2.1e-06,True
3.302305,0.125105,-0.5558023,0.1024297,-5.4261829,2.1e-06,True
3.3035525,0.1263525,-0.5553829,0.1023957,-5.4238915,2.1e-06,True
3.3048,0.1276,-0.5549636,0.1023617,-5.4215933,2.1e-06,True
3.3060475,0.1288475,-0.5545443,0.1023279,-5.4192883,2.1e-06,True
3.307295,0.130095,-0.5541249,0.1022941,-5.4169766,2.1e-06,True
3.3085425,0.1313425,-0.5537056,0.1022605,-5.4146582,2.2e-06,True
3.30979,0.13259,-0.5532862,0.1022269,-5.4123329,2.2e-06,True
3.3110375,0.1338375,-0.5528669,0.1021935,-5.4100009,2.2e-06,True
3.312285,0.135085,-0.5524475,0.1021601,-5.407662,2.2e-06,True
3.3135325,0.1363325,-0.5520282,0.1021269,-5.4053164,2.2e-06,True
3.31478,0.13758,-0.5516088,0.1020937,-5.402964,2.2e-06,True
3.3160275,0.1388275,-0.5511895,0.1020607,-5.4006048,2.3e-06,True
3.317275,0.140075,-0.5507702,0.1020278,-5.3982388,2.3e-06,True
3.3185225,0.1413225,-0.5503508,0.1019949,-5.3958659,2.3e-06,True
3.31977,0.14257,-0.5499315,0.1019622,-5.3934863,2.3e-06,True
3.3210175,0.1438175,-0.5495121,0.1019295,-5.3910998,2.3e-06,True
3.322265,0.145065,-0.5490928,0.101897,-5.3887065,2.4e-06,True
3.3235125,0.1463125,-0.5486734,0.1018645,-5.3863064,2.4e-06,True
3.32476,0.14756,-0.5482541,0.1018322,-5.3838994,2.4e-06,True
3.3260075,0.1488075,-0.5478347,0.1017999,-5.3814856,2.4e-06,True
3.327255,0.150055,-0.5474154,0.1017678,-5.379065,2.4e-06,True
3.3285025,0.1513025,-0.5469961,0.1017357,-5.3766375,2.5e-06,True
3.32975,0.15255,-0.5465767,0.1017038,-5.3742032,2.5e-06,True
3.3309975,0.1537975,-0.5461574,0.1016719,-5.371762,2.5e-06,True
3.332245,0.155045,-0.545738,0.1016402,-5.3693139,2.5e-06,True
3.3334925,0.1562925,-0.5453187,0.1016085,-5.366859,2.5e-06,True
3.33474,0.15754,-0.5448993,0.101577,-5.3643973,2.6e-06,True
3.3359875,0.1587875,-0.54448,0.1015456,-5.3619286,2.6e-06,True
3.337235,0.160035,-0.5440606,0.1015142,-5.3594531,2.6e-06,True
3.3384825,0.1612825,-0.5436413,0.101483,-5.3569707,2.6e-06,True
3.33973,0.16253,-0.543222,0.1014518,-5.3544814,2.7e-06,True
3.3409775,0.1637775,-0.5428026,0.1014208,-5.3519852,2.7e-06,True
3.342225,0.165025,-0.5423833,0.1013899,-5.3494821,2.7e-06,True
3.3434725,0.1662725,-0.5419639,0.101359,-5.3469722,2.7e-06,True
3.34472,0.16752,-0.5415446,0.1013283,-5.3444553,2.7e-06,True
3.3459675,0.1687675,-0.5411252,0.1012977,-5.3419315,2.8e-06,True
3.347215,0.170015,-0.5407059,0.1012671,-5.3394009,2.8e-06,True
3.3484625,0.1712625,-0.5402866,0.1012367,-5.3368633,2.8e-06,True
3.34971,0.17251,-0.5398672,0.1012064,-5.3343188,2.8e-06,True
3.3509575,0.1737575,-0.5394479,0.1011762,-5.3317674,2.9e-06,True
3.352205,0.175005,-0.5390285,0.1011461,-5.3292091,2.9e-06,True
3.3534525,0.1762525,-0.5386092,0.101116,-5.3266438,2.9e-06,True
3.3547,0.1775,-0.5381898,0.1010861,-5.3240716,2.9e-06,True
3.3559475,0.1787475,-0.5377705,0.1010563,-5.3214925,3e-06,True
3.357195,0.179995,-0.5373511,0.1010266,-5.3189065,3e-06,True
3.3584425,0.1812425,-0.5369318,0.100997,-5.3163135,3e-06,True
3.35969,0.18249,-0.5365125,0.1009675,-5.3137136,3e-06,True
3.3609375,0.1837375,-0.5360931,0.1009381,-5.3111068,3.1e-06,True
3.362185,0.184985,-0.5356738,0.1009088,-5.308493,3.1e-06,True
3.3634325,0.1862325,-0.5352544,0.1008796,-5.3058722,3.1e-06,True
3.36468,0.18748,-0.5348351,0.1008505,-5.3032446,3.2e-06,True
3.3659275,0.1887275,-0.5344157,0.1008216,-5.3006099,3.2e-06,True
3.367175,0.189975,-0.5339964,0.1007927,-5.2979683,3.2e-06,True
3.3684225,0.1912225,-0.533577,0.1007639,-5.2953198,3.2e-06,True
3.36967,0.19247,-0.5331577,0.1007352,-5.2926643,3.3e-06,True
3.3709175,0.1937175,-0.5327384,0.1007066,-5.2900018,3.3e-06,True
3.372165,0.194965,-0.532319,0.1006782,-5.2873324,3.3e-06,True
3.3734125,0.1962125,-0.5318997,0.1006498,-5.284656,3.4e-06,True
3.37466,0.19746,-0.5314803,0.1006216,-5.2819726,3.4e-06,True
3.3759075,0.1987075,-0.531061,0.1005934,-5.2792823,3.4e-06,True
3.377155,0.199955,-0.5306416,0.1005654,-5.276585,3.5e-06,True
3.3784025,0.2012025,-0.5302223,0.1005374,-5.2738807,3.5e-06,True
3.37965,0.20245,-0.5298029,0.1005096,-5.2711694,3.5e-06,True
3.3808975,0.2036975,-0.5293836,0.1004818,-5.2684512,3.6e-06,True
3.382145,0.204945,-0.5289643,0.1004542,-5.265726,3.6e-06,True
3.3833925,0.2061925,-0.5285449,0.1004267,-5.2629938,3.6e-06,True
3.38464,0.20744,-0.5281256,0.1003992,-5.2602546,3.7e-06,True
3.3858875,0.2086875,-0.5277062,0.1003719,-5.2575085,3.7e-06,True
3.387135,0.209935,-0.5272869,0.1003447,-5.2547553,3.7e-06,True
3.3883825,0.2111825,-0.5268675,0.1003176,-5.2519952,3.8e-06,True
3.38963,0.21243,-0.5264482,0.1002906,-5.249228,3.8e-06,True
3.3908775,0.2136775,-0.5260288,0.1002637,-5.2464539,3.8e-06,True
3.392125,0.214925,-0.5256095,0.1002369,-5.2436728,3.9e-06,True
3.3933725,0.2161725,-0.5251902,0.1002102,-5.2408847,3.9e-06,True
3.39462,0.21742,-0.5247708,0.1001836,-5.2380896,3.9e-06,True
3.3958675,0.2186675,-0.5243515,0.1001571,-5.2352875,4e-06,True
3.397115,0.219915,-0.5239321,0.1001308,-5.2324784,4e-06,True
3.3983625,0.2211625,-0.5235128,0.1001045,-5.2296623,4.1e-06,True
3.39961,0.22241,-0.5230934,0.1000783,-5.2268392,4.1e-06,True
3.4008575,0.2236575,-0.5226741,0.1000523,-5.2240091,4.1e-06,True
3.402105,0.224905,-0.5222547,0.1000263,-5.221172,4.2e-06,True
3.4033525,0.2261525,-0.5218354,0.1000005,-5.2183279,4.2e-06,True
3.4046,0.2274,-0.5214161,0.0999748,-5.2154768,4.3e-06,True
3.4058475,0.2286475,-0.5209967,0.0999491,-5.2126187,4.3e-06,True
3.407095,0.229895,-0.5205774,0.0999236,-5.2097536,4.3e-06,True
3.4083425,0.2311425,-0.520158,0.0998982,-5.2068815,4.4e-06,True
3.40959,0.23239,-0.5197387,0.0998729,-5.2040024,4.4e-06,True
3.4108375,0.2336375,-0.5193193,0.0998477,-5.2011163,4.5e-06,True
3.412085,0.234885,-0.5189,0.0998226,-5.1982231,4.5e-06,True
3.4133325,0.2361325,-0.5184806,0.0997976,-5.195323,4.6e-06,True
3.41458,0.23738,-0.5180613,0.0997727,-5.1924159,4.6e-06,True
3.4158275,0.2386275,-0.517642,0.0997479,-5.1895018,4.6e-06,True
3.417075,0.239875,-0.5172226,0.0997232,-5.1865806,4.7e-06,True
3.4183225,0.2411225,-0.5168033,0.0996987,-5.1836525,4.7e-06,True
3.41957,0.24237,-0.5163839,0.0996742,-5.1807173,4.8e-06,True
3.4208175,0.2436175,-0.5159646,0.0996499,-5.1777752,4.8e-06,True
3.422065,0.244865,-0.5155452,0.0996256,-5.174826,4.9e-06,True
3.4233125,0.2461125,-0.5151259,0.0996015,-5.1718698,4.9e-06,True
3.42456,0.24736,-0.5147065,0.0995775,-5.1689067,5e-06,True
3.4258075,0.2486075,-0.5142872,0.0995535,-5.1659365,5e-06,True
3.427055,0.249855,-0.5138679,0.0995297,-5.1629593,5.1e-06,True
3.4283025,0.2511025,-0.5134485,0.099506,-5.1599751,5.1e-06,True
3.42955,0.25235,-0.5130292,0.0994824,-5.156984,5.2e-06,True
3.4307975,0.2535975,-0.5126098,0.0994589,-5.1539858,5.2e-06,True
3.432045,0.254845,-0.5121905,0.0994355,-5.1509806,5.3e-06,True
3.4332925,0.2560925,-0.5117711,0.0994123,-5.1479684,5.3e-06,True
3.43454,0.25734,-0.5113518,0.0993891,-5.1449492,5.4e-06,True
3.4357875,0.2585875,-0.5109324,0.099366,-5.1419231,5.5e-06,True
3.437035,0.259835,-0.5105131,0.0993431,-5.1388899,5.5e-06,True
3.4382825,0.2610825,-0.5100938,0.0993202,-5.1358497,5.6e-06,True
3.43953,0.26233,-0.5096744,0.0992975,-5.1328026,5.6e-06,True
3.4407775,0.2635775,-0.5092551,0.0992749,-5.1297484,5.7e-06,True
3.442025,0.264825,-0.5088357,0.0992523,-5.1266873,5.7e-06,True
3.4432725,0.2660725,-0.5084164,0.0992299,-5.1236192,5.8e-06,True
3.44452,0.26732,-0.507997,0.0992076,-5.120544,5.9e-06,True
3.4457675,0.2685675,-0.5075777,0.0991854,-5.1174619,5.9e-06,True
3.447015,0.269815,-0.5071583,0.0991634,-5.1143728,6e-06,True
3.4482625,0.2710625,-0.506739,0.0991414,-5.1112768,6e-06,True
3.44951,0.27231,-0.5063197,0.0991195,-5.1081737,6.1e-06,True
3.4507575,0.2735575,-0.5059003,0.0990977,-5.1050637,6.2e-06,True
3.452005,0.274805,-0.505481,0.0990761,-5.1019467,6.2e-06,True
3.4532525,0.2760525,-0.5050616,0.0990546,-5.0988227,6.3e-06,True
3.4545,0.2773,-0.5046423,0.0990331,-5.0956917,6.4e-06,True
3.4557475,0.2785475,-0.5042229,0.0990118,-5.0925538,6.4e-06,True
3.456995,0.279795,-0.5038036,0.0989906,-5.0894089,6.5e-06,True
3.4582425,0.2810425,-0.5033842,0.0989695,-5.0862571,6.6e-06,True
3.45949,0.28229,-0.5029649,0.0989485,-5.0830982,6.6e-06,True
3.4607375,0.2835375,-0.5025456,0.0989276,-5.0799324,6.7e-06,True
3.461985,0.284785,-0.5021262,0.0989068,-5.0767597,6.8e-06,True
3.4632325,0.2860325,-0.5017069,0.0988862,-5.07358,6.9e-06,True
3.46448,0.28728,-0.5012875,0.0988656,-5.0703933,6.9e-06,True
3.4657275,0.2885275,-0.5008682,0.0988452,-5.0671997,7e-06,True
3.466975,0.289775,-0.5004488,0.0988248,-5.0639992,7.1e-06,True
3.4682225,0.2910225,-0.5000295,0.0988046,-5.0607917,7.2e-06,True
3.46947,0.29227,-0.4996101,0.0987845,-5.0575772,7.2e-06,True
3.4707175,0.2935175,-0.4991908,0.0987645,-5.0543559,7.3e-06,True
3.471965,0.294765,-0.4987715,0.0987446,-5.0511276,7.4e-06,True
3.4732125,0.2960125,-0.4983521,0.0987248,-5.0478923,7.5e-06,True
3.47446,0.29726,-0.4979328,0.0987051,-5.0446501,7.6e-06,True
3.4757075,0.2985075,-0.4975134,0.0986855,-5.041401,7.6e-06,True
3.476955,0.299755,-0.4970941,0.0986661,-5.038145,7.7e-06,True
3.4782025,0.3010025,-0.4966747,0.0986467,-5.0348821,7.8e-06,True
3.47945,0.30225,-0.4962554,0.0986275,-5.0316122,7.9e-06,True
3.4806975,0.3034975,-0.495836,0.0986084,-5.0283354,8e-06,True
3.481945,0.304745,-0.4954167,0.0985894,-5.0250517,8.1e-06,True
3.4831925,0.3059925,-0.4949974,0.0985705,-5.0217612,8.2e-06,True
3.48444,0.30724,-0.494578,0.0985517,-5.0184637,8.3e-06,True
3.4856875,0.3084875,-0.4941587,0.098533,-5.0151593,8.4e-06,True
3.486935,0.309735,-0.4937393,0.0985144,-5.011848,8.4e-06,True
3.4881825,0.3109825,-0.49332,0.098496,-5.0085299,8.5e-06,True
3.48943,0.31223,-0.4929006,0.0984776,-5.0052048,8.6e-06,True
3.4906775,0.3134775,-0.4924813,0.0984594,-5.0018729,8.7e-06,True
3.491925,0.314725,-0.4920619,0.0984413,-4.9985341,8.8e-06,True
3.4931725,0.3159725,-0.4916426,0.0984232,-4.9951884,8.9e-06,True
3.49442,0.31722,-0.4912233,0.0984053,-4.9918359,9e-06,True
3.4956675,0.3184675,-0.4908039,0.0983875,-4.9884765,9.1e-06,True
3.496915,0.319715,-0.4903846,0.0983699,-4.9851102,9.2e-06,True
3.4981625,0.3209625,-0.4899652,0.0983523,-4.9817371,9.3e-06,True
3.49941,0.32221,-0.4895459,0.0983348,-4.9783571,9.5e-06,True
3.5006575,0.3234575,-0.4891265,0.0983175,-4.9749703,9.6e-06,True
3.501905,0.324705,-0.4887072,0.0983002,-4.9715767,9.7e-06,True
3.5031525,0.3259525,-0.4882879,0.0982831,-4.9681762,9.8e-06,True
3.5044,0.3272,-0.4878685,0.0982661,-4.9647689,9.9e-06,True
3.5056475,0.3284475,-0.4874492,0.0982492,-4.9613548,1e-05,True
3.506895,0.329695,-0.4870298,0.0982324,-4.9579338,1.01e-05,True
3.5081425,0.3309425,-0.4866105,0.0982157,-4.9545061,1.02e-05,True
3.50939,0.33219,-0.4861911,0.0981992,-4.9510715,1.04e-05,True
3.5106375,0.3334375,-0.4857718,0.0981827,-4.9476302,1.05e-05,True
3.511885,0.334685,-0.4853524,0.0981664,-4.944182,1.06e-05,True
3.5131325,0.3359325,-0.4849331,0.0981501,-4.940727,1.07e-05,True
3.51438,0.33718,-0.4845138,0.098134,-4.9372653,1.08e-05,True
3.5156275,0.3384275,-0.4840944,0.098118,-4.9337968,1.1e-05,True
3.516875,0.339675,-0.4836751,0.0981021,-4.9303215,1.11e-05,True
3.5181225,0.3409225,-0.4832557,0.0980864,-4.9268394,1.12e-05,True
3.51937,0.34217,-0.4828364,0.0980707,-4.9233506,1.14e-05,True
3.5206175,0.3434175,-0.482417,0.0980551,-4.919855,1.15e-05,True
3.521865,0.344665,-0.4819977,0.0980397,-4.9163527,1.16e-05,True
3.5231125,0.3459125,-0.4815783,0.0980244,-4.9128436,1.18e-05,True
3.52436,0.34716,-0.481159,0.0980091,-4.9093278,1.19e-05,True
3.5256075,0.3484075,-0.4807397,0.097994,-4.9058053,1.2e-05,True
3.526855,0.349655,-0.4803203,0.097979,-4.902276,1.22e-05,True
3.5281025,0.3509025,-0.479901,0.0979642,-4.89874,1.23e-05,True
3.52935,0.35215,-0.4794816,0.0979494,-4.8951974,1.25e-05,True
3.5305975,0.3533975,-0.4790623,0.0979347,-4.891648,1.26e-05,True
3.531845,0.354645,-0.4786429,0.0979202,-4.8880919,1.28e-05,True
3.5330925,0.3558925,-0.4782236,0.0979058,-4.8845291,1.29e-05,True
3.53434,0.35714,-0.4778042,0.0978915,-4.8809596,1.31e-05,True
3.5355875,0.3583875,-0.4773849,0.0978773,-4.8773835,1.32e-05,True
3.536835,0.359635,-0.4769656,0.0978632,-4.8738007,1.34e-05,True
3.5380825,0.3608825,-0.4765462,0.0978492,-4.8702112,1.36e-05,True
3.53933,0.36213,-0.4761269,0.0978353,-4.866615,1.37e-05,True
3.5405775,0.3633775,-0.4757075,0.0978216,-4.8630123,1.39e-05,True
3.541825,0.364625,-0.4752882,0.0978079,-4.8594028,1.41e-05,True
3.5430725,0.3658725,-0.4748688,0.0977944,-4.8557868,1.42e-05,True
3.54432,0.36712,-0.4744495,0.097781,-4.8521641,1.44e-05,True
3.5455675,0.3683675,-0.4740301,0.0977677,-4.8485348,1.46e-05,True
3.546815,0.369615,-0.4736108,0.0977545,-4.8448989,1.48e-05,True
3.5480625,0.3708625,-0.4731915,0.0977415,-4.8412564,1.49e-05,True
3.54931,0.37211,-0.4727721,0.0977285,-4.8376073,1.51e-05,True
3.5505575,0.3733575,-0.4723528,0.0977157,-4.8339516,1.53e-05,True
3.551805,0.374605,-0.4719334,0.0977029,-4.8302893,1.55e-05,True
3.5530525,0.3758525,-0.4715141,0.0976903,-4.8266204,1.57e-05,True
3.5543,0.3771,-0.4710947,0.0976778,-4.822945,1.59e-05,True
3.5555475,0.3783475,-0.4706754,0.0976654,-4.819263,1.61e-05,True
3.556795,0.379595,-0.470256,0.0976532,-4.8155745,1.63e-05,True
3.5580425,0.3808425,-0.4698367,0.097641,-4.8118795,1.65e-05,True
3.55929,0.38209,-0.4694174,0.0976289,-4.8081779,1.67e-05,True
3.5605375,0.3833375,-0.468998,0.097617,-4.8044698,1.69e-05,True
3.561785,0.384585,-0.4685787,0.0976052,-4.8007551,1.71e-05,True
3.5630325,0.3858325,-0.4681593,0.0975935,-4.797034,1.73e-05,True
3.56428,0.38708,-0.46774,0.0975819,-4.7933064,1.75e-05,True
3.5655275,0.3883275,-0.4673206,0.0975704,-4.7895723,1.77e-05,True
3.566775,0.389575,-0.4669013,0.0975591,-4.7858317,1.8e-05,True
3.5680225,0.3908225,-0.4664819,0.0975478,-4.7820846,1.82e-05,True
3.56927,0.39207,-0.4660626,0.0975367,-4.7783311,1.84e-05,True
3.5705175,0.3933175,-0.4656433,0.0975257,-4.7745711,1.87e-05,True
3.571765,0.394565,-0.4652239,0.0975148,-4.7708047,1.89e-05,True
3.5730125,0.3958125,-0.4648046,0.097504,-4.7670319,1.91e-05,True
3.57426,0.39706,-0.4643852,0.0974933,-4.7632526,1.94e-05,True
3.5755075,0.3983075,-0.4639659,0.0974827,-4.7594669,1.96e-05,True
3.576755,0.399555,-0.4635465,0.0974723,-4.7556748,1.99e-05,True
3.5780025,0.4008025,-0.4631272,0.097462,-4.7518763,2.01e-05,True
3.57925,0.40205,-0.4627078,0.0974517,-4.7480715,2.04e-05,True
3.5804975,0.4032975,-0.4622885,0.0974416,-4.7442602,2.06e-05,True
3.581745,0.404545,-0.4618692,0.0974317,-4.7404426,2.09e-05,True
3.5829925,0.4057925,-0.4614498,0.0974218,-4.7366186,2.12e-05,True
3.58424,0.40704,-0.4610305,0.097412,-4.7327883,2.14e-05,True
3.5854875,0.4082875,-0.4606111,0.0974024,-4.7289516,2.17e-05,True
3.586735,0.409535,-0.4601918,0.0973928,-4.7251087,2.2e-05,True
3.5879825,0.4107825,-0.4597724,0.0973834,-4.7212593,2.23e-05,True
3.58923,0.41203,-0.4593531,0.0973741,-4.7174037,2.25e-05,True
3.5904775,0.4132775,-0.4589337,0.0973649,-4.7135418,2.28e-05,True
3.591725,0.414525,-0.4585144,0.0973559,-4.7096736,2.31e-05,True
3.5929725,0.4157725,-0.4580951,0.0973469,-4.7057992,2.34e-05,True
3.59422,0.41702,-0.4576757,0.0973381,-4.7019184,2.37e-05,True
3.5954675,0.4182675,-0.4572564,0.0973294,-4.6980315,2.4e-05,True
3.596715,0.419515,-0.456837,0.0973207,-4.6941382,2.43e-05,True
3.5979625,0.4207625,-0.4564177,0.0973122,-4.6902388,2.47e-05,True
3.59921,0.42201,-0.4559983,0.0973039,-4.6863331,2.5e-05,True
3.6004575,0.4232575,-0.455579,0.0972956,-4.6824212,2.53e-05,True
3.601705,0.424505,-0.4551596,0.0972875,-4.6785031,2.56e-05,True
3.6029525,0.4257525,-0.4547403,0.0972794,-4.6745788,2.6e-05,True
3.6042,0.427,-0.454321,0.0972715,-4.6706483,2.63e-05,True
3.6054475,0.4282475,-0.4539016,0.0972637,-4.6667117,2.66e-05,True
3.606695,0.429495,-0.4534823,0.097256,-4.6627689,2.7e-05,True
3.6079425,0.4307425,-0.4530629,0.0972484,-4.6588199,2.74e-05,True
3.60919,0.43199,-0.4526436,0.097241,-4.6548648,2.77e-05,True
3.6104375,0.4332375,-0.4522242,0.0972336,-4.6509036,2.81e-05,True
3.611685,0.434485,-0.4518049,0.0972264,-4.6469363,2.84e-05,True
3.6129325,0.4357325,-0.4513855,0.0972193,-4.6429629,2.88e-05,True
3.61418,0.43698,-0.4509662,0.0972123,-4.6389834,2.92e-05,True
3.6154275,0.4382275,-0.4505469,0.0972054,-4.6349978,2.96e-05,True
3.616675,0.439475,-0.4501275,0.0971986,-4.6310062,3e-05,True
3.6179225,0.4407225,-0.4497082,0.097192,-4.6270085,3.04e-05,True
3.61917,0.44197,-0.4492888,0.0971855,-4.6230048,3.08e-05,True
3.6204175,0.4432175,-0.4488695,0.097179,-4.618995,3.12e-05,True
3.621665,0.444465,-0.4484501,0.0971727,-4.6149792,3.16e-05,True
3.6229125,0.4457125,-0.4480308,0.0971665,-4.6109574,3.2e-05,True
3.62416,0.44696,-0.4476114,0.0971605,-4.6069296,3.24e-05,True
3.6254075,0.4482075,-0.4471921,0.0971545,-4.6028959,3.29e-05,True
3.626655,0.449455,-0.4467728,0.0971487,-4.5988561,3.33e-05,True
3.6279025,0.4507025,-0.4463534,0.0971429,-4.5948105,3.38e-05,True
3.62915,0.45195,-0.4459341,0.0971373,-4.5907588,3.42e-05,True
3.6303975,0.4531975,-0.4455147,0.0971318,-4.5867013,3.47e-05,True
3.631645,0.454445,-0.4450954,0.0971265,-4.5826378,3.51e-05,True
3.6328925,0.4556925,-0.444676,0.0971212,-4.5785684,3.56e-05,True
3.63414,0.45694,-0.4442567,0.097116,-4.5744931,3.61e-05,True
3.6353875,0.4581875,-0.4438373,0.097111,-4.570412,3.66e-05,True
3.636635,0.459435,-0.443418,0.0971061,-4.5663249,3.71e-05,True
3.6378825,0.4606825,-0.4429987,0.0971013,-4.562232,3.76e-05,True
3.63913,0.46193,-0.4425793,0.0970966,-4.5581333,3.81e-05,True
3.6403775,0.4631775,-0.44216,0.097092,-4.5540288,3.86e-05,True
3.641625,0.464425,-0.4417406,0.0970876,-4.5499184,3.91e-05,True
3.6428725,0.4656725,-0.4413213,0.0970833,-4.5458022,3.96e-05,True
3.64412,0.46692,-0.4409019,0.097079,-4.5416803,4.02e-05,True
3.6453675,0.4681675,-0.4404826,0.0970749,-4.5375525,4.07e-05,True
3.646615,0.469415,-0.4400632,0.0970709,-4.533419,4.13e-05,True
3.6478625,0.4706625,-0.4396439,0.0970671,-4.5292798,4.18e-05,True
3.64911,0.47191,-0.4392246,0.0970633,-4.5251348,4.24e-05,True
3.6503575,0.4731575,-0.4388052,0.0970597,-4.5209841,4.3e-05,True
3.651605,0.474405,-0.4383859,0.0970561,-4.5168277,4.36e-05,True
3.6528525,0.4756525,-0.4379665,0.0970527,-4.5126656,4.42e-05,True
3.6541,0.4769,-0.4375472,0.0970494,-4.5084978,4.48e-05,True
3.6553475,0.4781475,-0.4371278,0.0970463,-4.5043243,4.54e-05,True
3.656595,0.479395,-0.4367085,0.0970432,-4.5001452,4.6e-05,True
3.6578425,0.4806425,-0.4362892,0.0970403,-4.4959604,4.66e-05,True
3.65909,0.48189,-0.4358698,0.0970374,-4.4917701,4.73e-05,True
3.6603375,0.4831375,-0.4354505,0.0970347,-4.4875741,4.79e-05,True
3.661585,0.484385,-0.4350311,0.0970321,-4.4833725,4.86e-05,True
3.6628325,0.4856325,-0.4346118,0.0970296,-4.4791653,4.93e-05,True
3.66408,0.48688,-0.4341924,0.0970273,-4.4749526,5e-05,True
3.6653275,0.4881275,-0.4337731,0.097025,-4.4707343,5.06e-05,True
3.666575,0.489375,-0.4333537,0.0970229,-4.4665105,5.13e-05,True
3.6678225,0.4906225,-0.4329344,0.0970209,-4.4622811,5.21e-05,True
3.66907,0.49187,-0.4325151,0.097019,-4.4580462,5.28e-05,True
3.6703175,0.4931175,-0.4320957,0.0970172,-4.4538059,5.35e-05,True
3.671565,0.494365,-0.4316764,0.0970155,-4.44956,5.43e-05,True
3.6728125,0.4956125,-0.431257,0.097014,-4.4453087,5.5e-05,True
3.67406,0.49686,-0.4308377,0.0970125,-4.4410519,5.58e-05,True
3.6753075,0.4981075,-0.4304183,0.0970112,-4.4367897,5.66e-05,True
3.676555,0.499355,-0.429999,0.09701,-4.4325221,5.73e-05,True
3.6778025,0.5006025,-0.4295796,0.0970089,-4.4282491,5.81e-05,True
3.67905,0.50185,-0.4291603,0.0970079,-4.4239706,5.9e-05,True
3.6802975,0.5030975,-0.428741,0.0970071,-4.4196868,5.98e-05,True
3.681545,0.504345,-0.4283216,0.0970063,-4.4153977,6.06e-05,True
3.6827925,0.5055925,-0.4279023,0.0970057,-4.4111031,6.15e-05,True
3.68404,0.50684,-0.4274829,0.0970052,-4.4068033,6.23e-05,True
3.6852875,0.5080875,-0.4270636,0.0970048,-4.4024981,6.32e-05,True
3.686535,0.509335,-0.4266442,0.0970046,-4.3981876,6.41e-05,True
3.6877825,0.5105825,-0.4262249,0.0970044,-4.3938719,6.5e-05,True
3.68903,0.51183,-0.4258055,0.0970044,-4.3895509,6.59e-05,True
3.6902775,0.5130775,-0.4253862,0.0970044,-4.3852246,6.68e-05,True
3.691525,0.514325,-0.4249669,0.0970046,-4.3808931,6.78e-05,True
3.6927725,0.5155725,-0.4245475,0.0970049,-4.3765563,6.87e-05,True
3.69402,0.51682,-0.4241282,0.0970053,-4.3722144,6.97e-05,True
3.6952675,0.5180675,-0.4237088,0.0970059,-4.3678672,7.07e-05,True
3.696515,0.519315,-0.4232895,0.0970065,-4.3635149,7.17e-05,True
3.6977625,0.5205625,-0.4228701,0.0970073,-4.3591574,7.27e-05,True
3.69901,0.52181,-0.4224508,0.0970082,-4.3547948,7.37e-05,True
3.7002575,0.5230575,-0.4220314,0.0970092,-4.350427,7.48e-05,True
3.701505,0.524305,-0.4216121,0.0970103,-4.3460542,7.59e-05,True
3.7027525,0.5255525,-0.4211928,0.0970116,-4.3416762,7.69e-05,True
3.704,0.5268,-0.4207734,0.0970129,-4.3372931,7.8e-05,True
3.7052475,0.5280475,-0.4203541,0.0970144,-4.332905,7.91e-05,True
3.706495,0.529295,-0.4199347,0.097016,-4.3285119,8.03e-05,True
3.7077425,0.5305425,-0.4195154,0.0970177,-4.3241137,8.14e-05,True
3.70899,0.53179,-0.419096,0.0970195,-4.3197104,8.26e-05,True
3.7102375,0.5330375,-0.4186767,0.0970214,-4.3153022,8.38e-05,True
3.711485,0.534285,-0.4182573,0.0970235,-4.310889,8.49e-05,True
3.7127325,0.5355325,-0.417838,0.0970256,-4.3064709,8.62e-05,True
3.71398,0.53678,-0.4174187,0.0970279,-4.3020478,8.74e-05,True
3.7152275,0.5380275,-0.4169993,0.0970303,-4.2976197,8.86e-05,True
3.716475,0.539275,-0.41658,0.0970328,-4.2931867,8.99e-05,True
3.7177225,0.5405225,-0.4161606,0.0970354,-4.2887489,9.12e-05,True
3.71897,0.54177,-0.4157413,0.0970382,-4.2843061,9.25e-05,True
3.7202175,0.5430175,-0.4153219,0.097041,-4.2798585,9.39e-05,True
3.721465,0.544265,-0.4149026,0.097044,-4.2754061,9.52e-05,True
3.7227125,0.5455125,-0.4144832,0.0970471,-4.2709488,9.66e-05,True
3.72396,0.54676,-0.4140639,0.0970503,-4.2664866,9.8e-05,True
3.7252075,0.5480075,-0.4136446,0.0970536,-4.2620197,9.94e-05,True
3.726455,0.549255,-0.4132252,0.0970571,-4.257548,0.0001008,True
3.7277025,0.5505025,-0.4128059,0.0970606,-4.2530716,0.0001023,True
3.72895,0.55175,-0.4123865,0.0970643,-4.2485904,0.0001037,True
3.7301975,0.5529975,-0.4119672,0.0970681,-4.2441044,0.0001052,True
3.731445,0.554245,-0.4115478,0.097072,-4.2396138,0.0001068,True
3.7326925,0.5554925,-0.4111285,0.097076,-4.2351184,0.0001083,True
3.73394,0.55674,-0.4107091,0.0970802,-4.2306184,0.0001099,True
3.7351875,0.5579875,-0.4102898,0.0970844,-4.2261137,0.0001115,True
3.736435,0.559235,-0.4098705,0.0970888,-4.2216044,0.0001131,True
3.7376825,0.5604825,-0.4094511,0.0970933,-4.2170904,0.0001147,True
3.73893,0.56173,-0.4090318,0.0970979,-4.2125719,0.0001164,True
3.7401775,0.5629775,-0.4086124,0.0971026,-4.2080487,0.0001181,True
3.741425,0.564225,-0.4081931,0.0971074,-4.203521,0.0001198,True
3.7426725,0.5654725,-0.4077737,0.0971124,-4.1989887,0.0001215,True
3.74392,0.56672,-0.4073544,0.0971174,-4.1944518,0.0001233,True
3.7451675,0.5679675,-0.406935,0.0971226,-4.1899105,0.0001251,True
3.746415,0.569215,-0.4065157,0.0971279,-4.1853646,0.0001269,True
3.7476625,0.5704625,-0.4060964,0.0971333,-4.1808143,0.0001288,True
3.74891,0.57171,-0.405677,0.0971388,-4.1762595,0.0001307,True
3.7501575,0.5729575,-0.4052577,0.0971445,-4.1717002,0.0001326,True
3.751405,0.574205,-0.4048383,0.0971502,-4.1671365,0.0001345,True
3.7526525,0.5754525,-0.404419,0.0971561,-4.1625684,0.0001365,True
3.7539,0.5767,-0.4039996,0.0971621,-4.1579959,0.0001385,True
3.7551475,0.5779475,-0.4035803,0.0971682,-4.1534191,0.0001405,True
3.756395,0.579195,-0.4031609,0.0971744,-4.1488378,0.0001426,True
3.7576425,0.5804425,-0.4027416,0.0971808,-4.1442522,0.0001447,True
3.75889,0.58169,-0.4023223,0.0971872,-4.1396623,0.0001468,True
3.7601375,0.5829375,-0.4019029,0.0971938,-4.1350681,0.0001489,True
3.761385,0.584185,-0.4014836,0.0972005,-4.1304696,0.0001511,True
3.7626325,0.5854325,-0.4010642,0.0972073,-4.1258669,0.0001533,True
3.76388,0.58668,-0.4006449,0.0972142,-4.1212599,0.0001556,True
3.7651275,0.5879275,-0.4002255,0.0972212,-4.1166486,0.0001579,True
3.766375,0.589175,-0.3998062,0.0972283,-4.1120332,0.0001602,True
3.7676225,0.5904225,-0.3993868,0.0972356,-4.1074135,0.0001625,True
3.76887,0.59167,-0.3989675,0.097243,-4.1027897,0.0001649,True
3.7701175,0.5929175,-0.3985482,0.0972505,-4.0981617,0.0001674,True
3.771365,0.594165,-0.3981288,0.0972581,-4.0935296,0.0001698,True
3.7726125,0.5954125,-0.3977095,0.0972658,-4.0888933,0.0001723,True
3.77386,0.59666,-0.3972901,0.0972736,-4.084253,0.0001749,True
3.7751075,0.5979075,-0.3968708,0.0972816,-4.0796085,0.0001775,True
3.776355,0.599155,-0.3964514,0.0972897,-4.07496,0.0001801,True
3.7776025,0.6004025,-0.3960321,0.0972978,-4.0703075,0.0001827,True
3.77885,0.60165,-0.3956127,0.0973061,-4.0656509,0.0001854,True
3.7800975,0.6028975,-0.3951934,0.0973145,-4.0609903,0.0001882,True
3.781345,0.604145,-0.3947741,0.0973231,-4.0563257,0.000191,True
3.7825925,0.6053925,-0.3943547,0.0973317,-4.0516572,0.0001938,True
3.78384,0.60664,-0.3939354,0.0973405,-4.0469847,0.0001967,True
3.7850875,0.6078875,-0.393516,0.0973493,-4.0423083,0.0001996,True
3.786335,0.609135,-0.3930967,0.0973583,-4.0376279,0.0002025,True
3.7875825,0.6103825,-0.3926773,0.0973674,-4.0329437,0.0002055,True
3.78883,0.61163,-0.392258,0.0973766,-4.0282556,0.0002086,True
3.7900775,0.6128775,-0.3918386,0.097386,-4.0235636,0.0002117,True
3.791325,0.614125,-0.3914193,0.0973954,-4.0188678,0.0002148,True
3.7925725,0.6153725,-0.391,0.097405,-4.0141681,0.000218,True
3.79382,0.61662,-0.3905806,0.0974147,-4.0094647,0.0002212,True
3.7950675,0.6178675,-0.3901613,0.0974244,-4.0047575,0.0002245,True
3.796315,0.619115,-0.3897419,0.0974343,-4.0000465,0.0002279,True
3.7975625,0.6203625,-0.3893226,0.0974444,-3.9953318,0.0002312,True
3.79881,0.62161,-0.3889032,0.0974545,-3.9906134,0.0002347,True
3.8000575,0.6228575,-0.3884839,0.0974648,-3.9858912,0.0002382,True
3.801305,0.624105,-0.3880645,0.0974751,-3.9811654,0.0002417,True
3.8025525,0.6253525,-0.3876452,0.0974856,-3.9764359,0.0002453,True
3.8038,0.6266,-0.3872259,0.0974962,-3.9717027,0.000249,True
3.8050475,0.6278475,-0.3868065,0.0975069,-3.966966,0.0002527,True
3.806295,0.629095,-0.3863872,0.0975177,-3.9622256,0.0002564,True
3.8075425,0.6303425,-0.3859678,0.0975286,-3.9574816,0.0002602,True
3.80879,0.63159,-0.3855485,0.0975397,-3.9527341,0.0002641,True
3.8100375,0.6328375,-0.3851291,0.0975509,-3.947983,0.0002681,True
3.811285,0.634085,-0.3847098,0.0975621,-3.9432284,0.0002721,True
3.8125325,0.6353325,-0.3842905,0.0975735,-3.9384703,0.0002761,True
3.81378,0.63658,-0.3838711,0.097585,-3.9337087,0.0002802,True
3.8150275,0.6378275,-0.3834518,0.0975967,-3.9289436,0.0002844,True
3.816275,0.639075,-0.3830324,0.0976084,-3.9241751,0.0002887,True
3.8175225,0.6403225,-0.3826131,0.0976202,-3.9194031,0.000293,True
3.81877,0.64157,-0.3821937,0.0976322,-3.9146277,0.0002973,True
3.8200175,0.6428175,-0.3817744,0.0976443,-3.9098489,0.0003018,True
3.821265,0.644065,-0.381355,0.0976565,-3.9050668,0.0003063,True
3.8225125,0.6453125,-0.3809357,0.0976688,-3.9002813,0.0003109,True
3.82376,0.64656,-0.3805164,0.0976812,-3.8954925,0.0003155,True
3.8250075,0.6478075,-0.380097,0.0976937,-3.8907003,0.0003202,True
3.826255,0.649055,-0.3796777,0.0977064,-3.8859049,0.000325,True
3.8275025,0.6503025,-0.3792583,0.0977191,-3.8811062,0.0003299,True
3.82875,0.65155,-0.378839,0.097732,-3.8763042,0.0003348,True
3.8299975,0.6527975,-0.3784196,0.097745,-3.871499,0.0003398,True
3.831245,0.654045,-0.3780003,0.0977581,-3.8666906,0.0003449,True
3.8324925,0.6552925,-0.3775809,0.0977713,-3.861879,0.0003501,True
3.83374,0.65654,-0.3771616,0.0977846,-3.8570642,0.0003553,True
3.8349875,0.6577875,-0.3767423,0.0977981,-3.8522463,0.0003606,True
3.836235,0.659035,-0.3763229,0.0978116,-3.8474252,0.000366,True
3.8374825,0.6602825,-0.3759036,0.0978253,-3.842601,0.0003715,True
3.83873,0.66153,-0.3754842,0.0978391,-3.8377737,0.0003771,True
3.8399775,0.6627775,-0.3750649,0.097853,-3.8329434,0.0003827,True
3.841225,0.664025,-0.3746455,0.097867,-3.82811,0.0003884,True
3.8424725,0.6652725,-0.3742262,0.0978811,-3.8232735,0.0003943,True
3.84372,0.66652,-0.3738068,0.0978953,-3.8184341,0.0004002,True
3.8449675,0.6677675,-0.3733875,0.0979097,-3.8135916,0.0004062,True
3.846215,0.669015,-0.3729682,0.0979241,-3.8087462,0.0004122,True
3.8474625,0.6702625,-0.3725488,0.0979387,-3.8038978,0.0004184,True
3.84871,0.67151,-0.3721295,0.0979534,-3.7990464,0.0004247,True
3.8499575,0.6727575,-0.3717101,0.0979682,-3.7941922,0.000431,True
3.851205,0.674005,-0.3712908,0.0979831,-3.7893351,0.0004375,True
3.8524525,0.6752525,-0.3708714,0.0979981,-3.7844751,0.0004441,True
3.8537,0.6765,-0.3704521,0.0980133,-3.7796122,0.0004507,True
3.8549475,0.6777475,-0.3700327,0.0980285,-3.7747465,0.0004575,True
3.856195,0.678995,-0.3696134,0.0980439,-3.769878,0.0004643,True
3.8574425,0.6802425,-0.3691941,0.0980593,-3.7650067,0.0004713,True
3.85869,0.68149,-0.3687747,0.0980749,-3.7601326,0.0004784,True
3.8599375,0.6827375,-0.3683554,0.0980906,-3.7552557,0.0004855,True
3.861185,0.683985,-0.367936,0.0981064,-3.7503762,0.0004928,True
3.8624325,0.6852325,-0.3675167,0.0981224,-3.7454939,0.0005002,True
3.86368,0.68648,-0.3670973,0.0981384,-3.7406089,0.0005077,True
3.8649275,0.6877275,-0.366678,0.0981545,-3.7357212,0.0005153,True
3.866175,0.688975,-0.3662586,0.0981708,-3.7308309,0.000523,True
3.8674225,0.6902225,-0.3658393,0.0981872,-3.725938,0.0005309,True
3.86867,0.69147,-0.36542,0.0982037,-3.7210424,0.0005388,True
3.8699175,0.6927175,-0.3650006,0.0982202,-3.7161443,0.0005469,True
3.871165,0.693965,-0.3645813,0.098237,-3.7112435,0.0005551,True
3.8724125,0.6952125,-0.3641619,0.0982538,-3.7063403,0.0005634,True
3.87366,0.69646,-0.3637426,0.0982707,-3.7014345,0.0005719,True
3.8749075,0.6977075,-0.3633232,0.0982877,-3.6965261,0.0005804,True
3.876155,0.698955,-0.3629039,0.0983049,-3.6916153,0.0005891,True
3.8774025,0.7002025,-0.3624845,0.0983222,-3.6867021,0.0005979,True
3.87865,0.70145,-0.3620652,0.0983395,-3.6817863,0.0006069,True
3.8798975,0.7026975,-0.3616459,0.098357,-3.6768682,0.000616,True
3.881145,0.703945,-0.3612265,0.0983746,-3.6719476,0.0006252,True
3.8823925,0.7051925,-0.3608072,0.0983923,-3.6670246,0.0006346,True
3.88364,0.70644,-0.3603878,0.0984102,-3.6620993,0.0006441,True
3.8848875,0.7076875,-0.3599685,0.0984281,-3.6571716,0.0006537,True
3.886135,0.708935,-0.3595491,0.0984462,-3.6522416,0.0006635,True
3.8873825,0.7101825,-0.3591298,0.0984643,-3.6473092,0.0006735,True
3.88863,0.71143,-0.3587104,0.0984826,-3.6423746,0.0006835,True
3.8898775,0.7126775,-0.3582911,0.098501,-3.6374377,0.0006938,True
3.891125,0.713925,-0.3578718,0.0985194,-3.6324986,0.0007041,True
3.8923725,0.7151725,-0.3574524,0.098538,-3.6275572,0.0007147,True
3.89362,0.71642,-0.3570331,0.0985568,-3.6226137,0.0007254,True
3.8948675,0.7176675,-0.3566137,0.0985756,-3.6176679,0.0007362,True
3.896115,0.718915,-0.3561944,0.0985945,-3.61272,0.0007472,True
3.8973625,0.7201625,-0.355775,0.0986136,-3.6077699,0.0007584,True
3.89861,0.72141,-0.3553557,0.0986327,-3.6028177,0.0007697,True
3.8998575,0.7226575,-0.3549363,0.098652,-3.5978634,0.0007812,True
3.901105,0.723905,-0.354517,0.0986714,-3.592907,0.0007929,True
3.9023525,0.7251525,-0.3540977,0.0986908,-3.5879485,0.0008048,True
3.9036,0.7264,-0.3536783,0.0987104,-3.582988,0.0008168,True
3.9048475,0.7276475,-0.353259,0.0987301,-3.5780255,0.000829,True
3.906095,0.728895,-0.3528396,0.09875,-3.5730609,0.0008414,True
3.9073425,0.7301425,-0.3524203,0.0987699,-3.5680944,0.0008539,True
3.90859,0.73139,-0.3520009,0.0987899,-3.5631259,0.0008667,True
3.9098375,0.7326375,-0.3515816,0.0988101,-3.5581555,0.0008796,True
3.911085,0.733885,-0.3511622,0.0988303,-3.5531831,0.0008927,True
3.9123325,0.7351325,-0.3507429,0.0988507,-3.5482088,0.000906,True
3.91358,0.73638,-0.3503236,0.0988712,-3.5432327,0.0009195,True
3.9148275,0.7376275,-0.3499042,0.0988918,-3.5382546,0.0009332,True
3.916075,0.738875,-0.3494849,0.0989125,-3.5332748,0.0009471,True
3.9173225,0.7401225,-0.3490655,0.0989333,-3.5282931,0.0009612,True
3.91857,0.74137,-0.3486462,0.0989542,-3.5233096,0.0009756,True
3.9198175,0.7426175,-0.3482268,0.0989752,-3.5183243,0.0009901,True
3.921065,0.743865,-0.3478075,0.0989963,-3.5133373,0.0010048,True
3.9223125,0.7451125,-0.3473881,0.0990176,-3.5083485,0.0010198,True
3.92356,0.74636,-0.3469688,0.0990389,-3.503358,0.0010349,True
3.9248075,0.7476075,-0.3465495,0.0990604,-3.4983658,0.0010503,True
3.926055,0.748855,-0.3461301,0.099082,-3.4933719,0.0010659,True
3.9273025,0.7501025,-0.3457108,0.0991036,-3.4883763,0.0010818,True
3.92855,0.75135,-0.3452914,0.0991254,-3.4833791,0.0010978,True
3.9297975,0.7525975,-0.3448721,0.0991473,-3.4783803,0.0011141,True
3.931045,0.753845,-0.3444527,0.0991693,-3.4733798,0.0011307,True
3.9322925,0.7550925,-0.3440334,0.0991914,-3.4683778,0.0011474,True
3.93354,0.75634,-0.343614,0.0992137,-3.4633742,0.0011645,True
3.9347875,0.7575875,-0.3431947,0.099236,-3.4583691,0.0011817,True
3.936035,0.758835,-0.3427754,0.0992584,-3.4533625,0.0011992,True
3.9372825,0.7600825,-0.342356,0.099281,-3.4483543,0.001217,True
3.93853,0.76133,-0.3419367,0.0993036,-3.4433447,0.001235,True
3.9397775,0.7625775,-0.3415173,0.0993264,-3.4383336,0.0012533,True
3.941025,0.763825,-0.341098,0.0993493,-3.4333211,0.0012719,True
3.9422725,0.7650725,-0.3406786,0.0993723,-3.4283071,0.0012907,True
3.94352,0.76632,-0.3402593,0.0993954,-3.4232918,0.0013098,True
3.9447675,0.7675675,-0.3398399,0.0994186,-3.418275,0.0013291,True
3.946015,0.768815,-0.3394206,0.0994419,-3.4132569,0.0013488,True
3.9472625,0.7700625,-0.3390013,0.0994653,-3.4082375,0.0013687,True
3.94851,0.77131,-0.3385819,0.0994888,-3.4032167,0.0013889,True
3.9497575,0.7725575,-0.3381626,0.0995124,-3.3981946,0.0014094,True
3.951005,0.773805,-0.3377432,0.0995362,-3.3931713,0.0014302,True
3.9522525,0.7750525,-0.3373239,0.09956,-3.3881466,0.0014512,True
3.9535,0.7763,-0.3369045,0.099584,-3.3831208,0.0014726,True
3.9547475,0.7775475,-0.3364852,0.099608,-3.3780937,0.0014943,True
3.955995,0.778795,-0.3360658,0.0996322,-3.3730654,0.0015163,True
3.9572425,0.7800425,-0.3356465,0.0996565,-3.3680359,0.0015386,True
3.95849,0.78129,-0.3352272,0.0996808,-3.3630052,0.0015612,True
3.9597375,0.7825375,-0.3348078,0.0997053,-3.3579734,0.0015842,True
3.960985,0.783785,-0.3343885,0.0997299,-3.3529405,0.0016075,True
3.9622325,0.7850325,-0.3339691,0.0997546,-3.3479065,0.0016311,True
3.96348,0.78628,-0.3335498,0.0997794,-3.3428714,0.001655,True
3.9647275,0.7875275,-0.3331304,0.0998043,-3.3378352,0.0016793,True
3.965975,0.788775,-0.3327111,0.0998294,-3.332798,0.0017039,True
3.9672225,0.7900225,-0.3322918,0.0998545,-3.3277597,0.0017289,True
3.96847,0.79127,-0.3318724,0.0998797,-3.3227205,0.0017542,True
3.9697175,0.7925175,-0.3314531,0.0999051,-3.3176802,0.0017799,True
3.970965,0.793765,-0.3310337,0.0999305,-3.312639,0.0018059,True
3.9722125,0.7950125,-0.3306144,0.0999561,-3.3075968,0.0018323,True
3.97346,0.79626,-0.330195,0.0999817,-3.3025537,0.0018591,True
3.9747075,0.7975075,-0.3297757,0.1000075,-3.2975097,0.0018862,True
3.975955,0.798755,-0.3293563,0.1000334,-3.2924648,0.0019138,True
3.9772025,0.8000025,-0.328937,0.1000593,-3.2874191,0.0019417,True
3.97845,0.80125,-0.3285177,0.1000854,-3.2823724,0.00197,True
3.9796975,0.8024975,-0.3280983,0.1001116,-3.277325,0.0019987,True
3.980945,0.803745,-0.327679,0.1001379,-3.2722767,0.0020278,True
3.9821925,0.8049925,-0.3272596,0.1001643,-3.2672276,0.0020573,True
3.98344,0.80624,-0.3268403,0.1001908,-3.2621778,0.0020872,True
3.9846875,0.8074875,-0.3264209,0.1002174,-3.2571272,0.0021176,True
3.985935,0.808735,-0.3260016,0.1002442,-3.2520759,0.0021483,True
3.9871825,0.8099825,-0.3255822,0.100271,-3.2470238,0.0021795,True
3.98843,0.81123,-0.3251629,0.1002979,-3.2419711,0.0022111,True
3.9896775,0.8124775,-0.3247436,0.1003249,-3.2369177,0.0022432,True
3.990925,0.813725,-0.3243242,0.1003521,-3.2318636,0.0022757,True
3.9921725,0.8149725,-0.3239049,0.1003793,-3.2268089,0.0023086,True
3.99342,0.81622,-0.3234855,0.1004067,-3.2217535,0.0023421,True
3.9946675,0.8174675,-0.3230662,0.1004341,-3.2166976,0.0023759,True
3.995915,0.818715,-0.3226468,0.1004617,-3.211641,0.0024102,True
3.9971625,0.8199625,-0.3222275,0.1004893,-3.206584,0.0024451,True
3.99841,0.82121,-0.3218081,0.1005171,-3.2015263,0.0024803,True
3.9996575,0.8224575,-0.3213888,0.100545,-3.1964682,0.0025161,True
4.000905,0.823705,-0.3209695,0.1005729,-3.1914095,0.0025524,True
4.0021525,0.8249525,-0.3205501,0.100601,-3.1863503,0.0025891,True
4.0034,0.8262,-0.3201308,0.1006292,-3.1812907,0.0026264,True
4.0046475,0.8274475,-0.3197114,0.1006575,-3.1762306,0.0026641,True
4.005895,0.828695,-0.3192921,0.1006859,-3.1711701,0.0027024,True
4.0071425,0.8299425,-0.3188727,0.1007144,-3.1661092,0.0027412,True
4.00839,0.83119,-0.3184534,0.100743,-3.1610479,0.0027806,True
4.0096375,0.8324375,-0.318034,0.1007717,-3.1559862,0.0028204,True
4.010885,0.833685,-0.3176147,0.1008005,-3.1509241,0.0028608,True
4.0121325,0.8349325,-0.3171954,0.1008294,-3.1458618,0.0029018,True
4.01338,0.83618,-0.316776,0.1008584,-3.1407991,0.0029433,True
4.0146275,0.8374275,-0.3163567,0.1008875,-3.135736,0.0029854,True
4.015875,0.838675,-0.3159373,0.1009168,-3.1306728,0.003028,True
4.0171225,0.8399225,-0.315518,0.1009461,-3.1256092,0.0030712,True
4.01837,0.84117,-0.3150986,0.1009755,-3.1205454,0.003115,True
4.0196175,0.8424175,-0.3146793,0.101005,-3.1154814,0.0031594,True
4.020865,0.843665,-0.3142599,0.1010347,-3.1104172,0.0032044,True
4.0221125,0.8449125,-0.3138406,0.1010644,-3.1053527,0.00325,True
4.02336,0.84616,-0.3134213,0.1010942,-3.1002882,0.0032962,True
4.0246075,0.8474075,-0.3130019,0.1011242,-3.0952234,0.003343,True
4.025855,0.848655,-0.3125826,0.1011542,-3.0901585,0.0033904,True
4.0271025,0.8499025,-0.3121632,0.1011844,-3.0850935,0.0034385,True
4.02835,0.85115,-0.3117439,0.1012146,-3.0800285,0.0034872,True
4.0295975,0.8523975,-0.3113245,0.101245,-3.0749633,0.0035366,True
4.030845,0.853645,-0.3109052,0.1012754,-3.069898,0.0035866,True
4.0320925,0.8548925,-0.3104858,0.101306,-3.0648328,0.0036373,True
4.03334,0.85614,-0.3100665,0.1013366,-3.0597675,0.0036887,True
4.0345875,0.8573875,-0.3096472,0.1013674,-3.0547022,0.0037407,True
4.035835,0.858635,-0.3092278,0.1013982,-3.0496369,0.0037934,True
4.0370825,0.8598825,-0.3088085,0.1014292,-3.0445716,0.0038469,True
4.03833,0.86113,-0.3083891,0.1014603,-3.0395064,0.003901,True
4.0395775,0.8623775,-0.3079698,0.1014914,-3.0344412,0.0039558,True
4.040825,0.863625,-0.3075504,0.1015227,-3.0293762,0.0040114,True
4.0420725,0.8648725,-0.3071311,0.1015541,-3.0243112,0.0040677,True
4.04332,0.86612,-0.3067117,0.1015855,-3.0192463,0.0041247,True
4.0445675,0.8673675,-0.3062924,0.1016171,-3.0141816,0.0041825,True
4.045815,0.868615,-0.3058731,0.1016488,-3.0091171,0.0042411,True
4.0470625,0.8698625,-0.3054537,0.1016805,-3.0040527,0.0043004,True
4.04831,0.87111,-0.3050344,0.1017124,-2.9989885,0.0043604,True
4.0495575,0.8723575,-0.304615,0.1017444,-2.9939245,0.0044213,True
4.050805,0.873605,-0.3041957,0.1017765,-2.9888607,0.0044829,True
4.0520525,0.8748525,-0.3037763,0.1018086,-2.9837972,0.0045454,True
4.0533,0.8761,-0.303357,0.1018409,-2.9787339,0.0046086,True
4.0545475,0.8773475,-0.3029376,0.1018733,-2.9736709,0.0046727,True
4.055795,0.878595,-0.3025183,0.1019058,-2.9686083,0.0047376,True
4.0570425,0.8798425,-0.302099,0.1019383,-2.9635459,0.0048034,True
4.05829,0.88109,-0.3016796,0.101971,-2.9584838,0.0048699,True
4.0595375,0.8823375,-0.3012603,0.1020038,-2.9534221,0.0049374,True
4.060785,0.883585,-0.3008409,0.1020367,-2.9483608,0.0050057,True
4.0620325,0.8848325,-0.3004216,0.1020696,-2.9432998,0.0050749,True
4.06328,0.88608,-0.3000022,0.1021027,-2.9382393,0.005145,True
4.0645275,0.8873275,-0.2995829,0.1021359,-2.9331792,0.0052159,True
4.065775,0.888575,-0.2991635,0.1021692,-2.9281195,0.0052878,True
4.0670225,0.8898225,-0.2987442,0.1022025,-2.9230602,0.0053606,True
4.06827,0.89107,-0.2983249,0.102236,-2.9180014,0.0054343,True
4.0695175,0.8923175,-0.2979055,0.1022696,-2.9129431,0.005509,True
4.070765,0.893565,-0.2974862,0.1023033,-2.9078853,0.0055846,True
4.0720125,0.8948125,-0.2970668,0.102337,-2.9028281,0.0056612,True
4.07326,0.89606,-0.2966475,0.1023709,-2.8977713,0.0057387,True
4.0745075,0.8973075,-0.2962281,0.1024049,-2.8927151,0.0058172,True
4.075755,0.898555,-0.2958088,0.1024389,-2.8876595,0.0058967,True
4.0770025,0.8998025,-0.2953894,0.1024731,-2.8826045,0.0059772,True
4.07825,0.90105,-0.2949701,0.1025074,-2.87755,0.0060587,True
4.0794975,0.9022975,-0.2945508,0.1025417,-2.8724962,0.0061413,True
4.080745,0.903545,-0.2941314,0.1025762,-2.8674431,0.0062248,True
4.0819925,0.9047925,-0.2937121,0.1026108,-2.8623906,0.0063095,True
4.08324,0.90604,-0.2932927,0.1026454,-2.8573387,0.0063951,True
4.0844875,0.9072875,-0.2928734,0.1026802,-2.8522875,0.0064819,True
4.085735,0.908535,-0.292454,0.102715,-2.8472371,0.0065697,True
4.0869825,0.9097825,-0.2920347,0.10275,-2.8421873,0.0066586,True
4.08823,0.91103,-0.2916153,0.102785,-2.8371383,0.0067486,True
4.0894775,0.9122775,-0.291196,0.1028202,-2.8320901,0.0068398,True
4.090725,0.913525,-0.2907767,0.1028554,-2.8270426,0.006932,True
4.0919725,0.9147725,-0.2903573,0.1028908,-2.8219959,0.0070254,True
4.09322,0.91602,-0.289938,0.1029262,-2.81695,0.00712,True
4.0944675,0.9172675,-0.2895186,0.1029617,-2.811905,0.0072157,True
4.095715,0.918515,-0.2890993,0.1029974,-2.8068607,0.0073125,True
4.0969625,0.9197625,-0.2886799,0.1030331,-2.8018173,0.0074106,True
4.09821,0.92101,-0.2882606,0.1030689,-2.7967748,0.0075099,True
4.0994575,0.9222575,-0.2878412,0.1031049,-2.7917331,0.0076104,True
4.100705,0.923505,-0.2874219,0.1031409,-2.7866924,0.0077121,True
4.1019525,0.9247525,-0.2870026,0.103177,-2.7816526,0.007815,True
4.1032,0.926,-0.2865832,0.1032132,-2.7766137,0.0079192,True
4.1044475,0.9272475,-0.2861639,0.1032495,-2.7715757,0.0080247,True
4.105695,0.928495,-0.2857445,0.1032859,-2.7665387,0.0081314,True
4.1069425,0.9297425,-0.2853252,0.1033224,-2.7615027,0.0082394,True
4.10819,0.93099,-0.2849058,0.103359,-2.7564677,0.0083488,True
4.1094375,0.9322375,-0.2844865,0.1033957,-2.7514337,0.0084594,True
4.110685,0.933485,-0.2840671,0.1034325,-2.7464007,0.0085714,True
4.1119325,0.9347325,-0.2836478,0.1034694,-2.7413687,0.0086847,True
4.11318,0.93598,-0.2832285,0.1035064,-2.7363378,0.0087994,True
4.1144275,0.9372275,-0.2828091,0.1035435,-2.731308,0.0089154,True
4.115675,0.938475,-0.2823898,0.1035806,-2.7262793,0.0090329,True
4.1169225,0.9397225,-0.2819704,0.1036179,-2.7212517,0.0091517,True
4.11817,0.94097,-0.2815511,0.1036553,-2.7162251,0.0092719,True
4.1194175,0.9422175,-0.2811317,0.1036927,-2.7111998,0.0093936,True
4.120665,0.943465,-0.2807124,0.1037303,-2.7061755,0.0095167,True
4.1219125,0.9447125,-0.2802931,0.1037679,-2.7011525,0.0096413,True
4.12316,0.94596,-0.2798737,0.1038057,-2.6961306,0.0097673,True
4.1244075,0.9472075,-0.2794544,0.1038435,-2.6911099,0.0098948,True
4.125655,0.948455,-0.279035,0.1038815,-2.6860904,0.0100238,True
4.1269025,0.9497025,-0.2786157,0.1039195,-2.6810721,0.0101544,True
4.12815,0.95095,-0.2781963,0.1039576,-2.6760551,0.0102864,True
4.1293975,0.9521975,-0.277777,0.1039958,-2.6710393,0.01042,True
4.130645,0.953445,-0.2773576,0.1040342,-2.6660248,0.0105552,True
4.1318925,0.9546925,-0.2769383,0.1040726,-2.6610116,0.0106919,True
4.13314,0.95594,-0.276519,0.1041111,-2.6559997,0.0108303,True
4.1343875,0.9571875,-0.2760996,0.1041497,-2.6509891,0.0109702,True
4.135635,0.958435,-0.2756803,0.1041883,-2.6459798,0.0111117,True
4.1368825,0.9596825,-0.2752609,0.1042271,-2.6409719,0.0112549,True
4.13813,0.96093,-0.2748416,0.104266,-2.6359653,0.0113997,True
4.1393775,0.9621775,-0.2744222,0.104305,-2.6309601,0.0115462,True
4.140625,0.963425,-0.2740029,0.104344,-2.6259563,0.0116944,True
4.1418725,0.9646725,-0.2735835,0.1043832,-2.6209539,0.0118443,True
4.14312,0.96592,-0.2731642,0.1044224,-2.6159529,0.0119959,True
4.1443675,0.9671675,-0.2727449,0.1044618,-2.6109533,0.0121492,True
4.145615,0.968415,-0.2723255,0.1045012,-2.6059552,0.0123043,True
4.1468625,0.9696625,-0.2719062,0.1045408,-2.6009585,0.0124611,True
4.14811,0.97091,-0.2714868,0.1045804,-2.5959634,0.0126197,True
4.1493575,0.9721575,-0.2710675,0.1046201,-2.5909697,0.0127801,True
4.150605,0.973405,-0.2706481,0.1046599,-2.5859775,0.0129423,True
4.1518525,0.9746525,-0.2702288,0.1046998,-2.5809868,0.0131064,True
4.1531,0.9759,-0.2698094,0.1047398,-2.5759976,0.0132723,True
4.1543475,0.9771475,-0.2693901,0.1047799,-2.57101,0.01344,True
4.155595,0.978395,-0.2689708,0.10482,-2.566024,0.0136097,True
4.1568425,0.9796425,-0.2685514,0.1048603,-2.5610395,0.0137812,True
4.15809,0.98089,-0.2681321,0.1049007,-2.5560566,0.0139546,True
4.1593375,0.9821375,-0.2677127,0.1049411,-2.5510753,0.01413,True
4.160585,0.983385,-0.2672934,0.1049817,-2.5460956,0.0143073,True
4.1618325,0.9846325,-0.266874,0.1050223,-2.5411176,0.0144866,True
4.16308,0.98588,-0.2664547,0.105063,-2.5361411,0.0146679,True
4.1643275,0.9871275,-0.2660353,0.1051039,-2.5311664,0.0148512,True
4.165575,0.988375,-0.265616,0.1051448,-2.5261933,0.0150365,True
4.1668225,0.9896225,-0.2651967,0.1051858,-2.5212219,0.0152238,True
4.16807,0.99087,-0.2647773,0.1052269,-2.5162522,0.0154132,True
4.1693175,0.9921175,-0.264358,0.105268,-2.5112842,0.0156046,True
4.170565,0.993365,-0.2639386,0.1053093,-2.5063179,0.0157982,True
4.1718125,0.9946125,-0.2635193,0.1053507,-2.5013534,0.0159938,True
4.17306,0.99586,-0.2630999,0.1053921,-2.4963906,0.0161916,True
4.1743075,0.9971075,-0.2626806,0.1054337,-2.4914295,0.0163915,True
4.175555,0.998355,-0.2622612,0.1054753,-2.4864703,0.0165936,True
4.1768025,0.9996025,-0.2618419,0.105517,-2.4815128,0.0167979,True
4.17805,1.00085,-0.2614226,0.1055589,-2.4765571,0.0170044,True
4.1792975,1.0020975,-0.2610032,0.1056008,-2.4716033,0.0172131,True
4.180545,1.003345,-0.2605839,0.1056428,-2.4666512,0.017424,True
4.1817925,1.0045925,-0.2601645,0.1056849,-2.4617011,0.0176372,True
4.18304,1.00584,-0.2597452,0.105727,-2.4567527,0.0178527,True
4.1842875,1.0070875,-0.2593258,0.1057693,-2.4518063,0.0180705,True
4.185535,1.008335,-0.2589065,0.1058117,-2.4468617,0.0182906,True
4.1867825,1.0095825,-0.2584871,0.1058541,-2.441919,0.018513,True
4.18803,1.01083,-0.2580678,0.1058966,-2.4369782,0.0187377,True
4.1892775,1.0120775,-0.2576485,0.1059393,-2.4320393,0.0189649,True
4.190525,1.013325,-0.2572291,0.105982,-2.4271024,0.0191944,True
4.1917725,1.0145725,-0.2568098,0.1060248,-2.4221674,0.0194264,True
4.19302,1.01582,-0.2563904,0.1060677,-2.4172344,0.0196608,True
4.1942675,1.0170675,-0.2559711,0.1061107,-2.4123033,0.0198976,True
4.195515,1.018315,-0.2555517,0.1061537,-2.4073742,0.0201369,True
4.1967625,1.0195625,-0.2551324,0.1061969,-2.4024471,0.0203787,True
4.19801,1.02081,-0.254713,0.1062401,-2.397522,0.0206231,True
4.1992575,1.0220575,-0.2542937,0.1062835,-2.3925989,0.0208699,True
4.200505,1.023305,-0.2538744,0.1063269,-2.3876779,0.0211193,True
4.2017525,1.0245525,-0.253455,0.1063704,-2.3827589,0.0213713,True
4.203,1.0258,-0.2530357,0.106414,-2.3778419,0.0216259,True
4.2042475,1.0270475,-0.2526163,0.1064577,-2.372927,0.021883,True
4.205495,1.028295,-0.252197,0.1065015,-2.3680142,0.0221429,True
4.2067425,1.0295425,-0.2517776,0.1065453,-2.3631035,0.0224053,True
4.20799,1.03079,-0.2513583,0.1065893,-2.3581949,0.0226705,True
4.2092375,1.0320375,-0.2509389,0.1066333,-2.3532884,0.0229383,True
4.210485,1.033285,-0.2505196,0.1066774,-2.348384,0.0232089,True
4.2117325,1.0345325,-0.2501003,0.1067217,-2.3434817,0.0234822,True
4.21298,1.03578,-0.2496809,0.106766,-2.3385817,0.0237582,True
4.2142275,1.0370275,-0.2492616,0.1068103,-2.3336837,0.0240371,True
4.215475,1.038275,-0.2488422,0.1068548,-2.328788,0.0243187,True
4.2167225,1.0395225,-0.2484229,0.1068994,-2.3238944,0.0246032,True
4.21797,1.04077,-0.2480035,0.106944,-2.319003,0.0248905,True
4.2192175,1.0420175,-0.2475842,0.1069888,-2.3141139,0.0251807,True
4.220465,1.043265,-0.2471648,0.1070336,-2.3092269,0.0254737,True
4.2217125,1.0445125,-0.2467455,0.1070785,-2.3043422,0.0257697,True
4.22296,1.04576,-0.2463262,0.1071235,-2.2994597,0.0260686,True
4.2242075,1.0470075,-0.2459068,0.1071686,-2.2945795,0.0263705,True
4.225455,1.048255,-0.2454875,0.1072137,-2.2897015,0.0266753,True
4.2267025,1.0495025,-0.2450681,0.107259,-2.2848258,0.0269831,True
4.22795,1.05075,-0.2446488,0.1073043,-2.2799524,0.0272939,True
4.2291975,1.0519975,-0.2442294,0.1073498,-2.2750813,0.0276078,True
4.230445,1.053245,-0.2438101,0.1073953,-2.2702125,0.0279247,True
4.2316925,1.0544925,-0.2433907,0.1074409,-2.2653461,0.0282447,True
4.23294,1.05574,-0.2429714,0.1074865,-2.2604819,0.0285678,True
4.2341875,1.0569875,-0.2425521,0.1075323,-2.2556201,0.0288941,True
4.235435,1.058235,-0.2421327,0.1075782,-2.2507607,0.0292235,True
4.2366825,1.0594825,-0.2417134,0.1076241,-2.2459036,0.029556,True
4.23793,1.06073,-0.241294,0.1076701,-2.2410489,0.0298918,True
4.2391775,1.0619775,-0.2408747,0.1077162,-2.2361966,0.0302307,True
4.240425,1.063225,-0.2404553,0.1077624,-2.2313466,0.0305729,True
4.2416725,1.0644725,-0.240036,0.1078087,-2.2264991,0.0309184,True
4.24292,1.06572,-0.2396166,0.1078551,-2.221654,0.0312671,True
4.2441675,1.0669675,-0.2391973,0.1079015,-2.2168113,0.0316192,True
4.245415,1.068215,-0.238778,0.107948,-2.2119711,0.0319746,True
4.2466625,1.0694625,-0.2383586,0.1079947,-2.2071333,0.0323333,True
4.24791,1.07071,-0.2379393,0.1080414,-2.2022979,0.0326954,True
4.2491575,1.0719575,-0.2375199,0.1080881,-2.1974651,0.0330609,True
4.250405,1.073205,-0.2371006,0.108135,-2.1926347,0.0334298,True
4.2516525,1.0744525,-0.2366812,0.108182,-2.1878068,0.0338021,True
4.2529,1.0757,-0.2362619,0.108229,-2.1829814,0.0341779,True
4.2541475,1.0769475,-0.2358425,0.1082761,-2.1781585,0.0345572,True
4.255395,1.078195,-0.2354232,0.1083233,-2.1733381,0.03494,True
4.2566425,1.0794425,-0.2350039,0.1083706,-2.1685203,0.0353263,True
4.25789,1.08069,-0.2345845,0.108418,-2.163705,0.0357162,True
4.2591375,1.0819375,-0.2341652,0.1084654,-2.1588922,0.0361096,True
4.260385,1.083185,-0.2337458,0.108513,-2.1540821,0.0365067,True
4.2616325,1.0844325,-0.2333265,0.1085606,-2.1492744,0.0369074,True
4.26288,1.08568,-0.2329071,0.1086083,-2.1444694,0.0373117,True
4.2641275,1.0869275,-0.2324878,0.1086561,-2.1396669,0.0377197,True
4.265375,1.088175,-0.2320684,0.1087039,-2.1348671,0.0381313,True
4.2666225,1.0894225,-0.2316491,0.1087519,-2.1300698,0.0385467,True
4.26787,1.09067,-0.2312298,0.1087999,-2.1252752,0.0389659,True
4.2691175,1.0919175,-0.2308104,0.108848,-2.1204832,0.0393887,True
4.270365,1.093165,-0.2303911,0.1088962,-2.1156939,0.0398154,True
4.2716125,1.0944125,-0.2299717,0.1089445,-2.1109071,0.0402459,True
4.27286,1.09566,-0.2295524,0.1089929,-2.1061231,0.0406802,True
4.2741075,1.0969075,-0.229133,0.1090413,-2.1013417,0.0411183,True
4.275355,1.098155,-0.2287137,0.1090898,-2.096563,0.0415604,True
4.2766025,1.0994025,-0.2282944,0.1091384,-2.0917869,0.0420063,True
4.27785,1.10065,-0.227875,0.1091871,-2.0870136,0.0424561,True
4.2790975,1.1018975,-0.2274557,0.1092359,-2.0822429,0.0429099,True
4.280345,1.103145,-0.2270363,0.1092847,-2.077475,0.0433677,True
4.2815925,1.1043925,-0.226617,0.1093337,-2.0727098,0.0438294,True
4.28284,1.10564,-0.2261976,0.1093827,-2.0679473,0.0442952,True
4.2840875,1.1068875,-0.2257783,0.1094318,-2.0631876,0.044765,True
4.285335,1.108135,-0.2253589,0.109481,-2.0584306,0.0452389,True
4.2865825,1.1093825,-0.2249396,0.1095302,-2.0536763,0.0457168,True
4.28783,1.11063,-0.2245203,0.1095795,-2.0489249,0.0461988,True
4.2890775,1.1118775,-0.2241009,0.109629,-2.0441762,0.046685,True
4.290325,1.113125,-0.2236816,0.1096785,-2.0394302,0.0471753,True
4.2915725,1.1143725,-0.2232622,0.109728,-2.0346871,0.0476699,True
4.29282,1.11562,-0.2228429,0.1097777,-2.0299468,0.0481686,True
4.2940675,1.1168675,-0.2224235,0.1098274,-2.0252093,0.0486715,True
4.295315,1.118115,-0.2220042,0.1098772,-2.0204746,0.0491786,True
4.2965625,1.1193625,-0.2215848,0.1099271,-2.0157427,0.0496901,True
4.29781,1.12061,-0.2211655,0.1099771,-2.0110137,0.0502058,False
4.2990575,1.1218575,-0.2207462,0.1100272,-2.0062875,0.0507258,False
4.300305,1.123105,-0.2203268,0.1100773,-2.0015641,0.0512502,False
4.3015525,1.1243525,-0.2199075,0.1101275,-1.9968436,0.0517789,False
4.3028,1.1256,-0.2194881,0.1101778,-1.992126,0.052312,False
4.3040475,1.1268475,-0.2190688,0.1102282,-1.9874113,0.0528495,False
4.305295,1.128095,-0.2186494,0.1102787,-1.9826994,0.0533915,False
4.3065425,1.1293425,-0.2182301,0.1103292,-1.9779904,0.0539379,False
4.30779,1.13059,-0.2178107,0.1103798,-1.9732844,0.0544887,False
4.3090375,1.1318375,-0.2173914,0.1104305,-1.9685812,0.0550441,False
4.310285,1.133085,-0.2169721,0.1104813,-1.963881,0.055604,False
4.3115325,1.1343325,-0.2165527,0.1105321,-1.9591836,0.0561684,False
4.31278,1.13558,-0.2161334,0.110583,-1.9544892,0.0567374,False
4.3140275,1.1368275,-0.215714,0.110634,-1.9497978,0.0573109,False
4.315275,1.138075,-0.2152947,0.1106851,-1.9451093,0.0578891,False
4.3165225,1.1393225,-0.2148753,0.1107363,-1.9404238,0.0584719,False
4.31777,1.14057,-0.214456,0.1107875,-1.9357412,0.0590593,False
4.3190175,1.1418175,-0.2140366,0.1108388,-1.9310616,0.0596515,False
4.320265,1.143065,-0.2136173,0.1108902,-1.9263849,0.0602483,False
4.3215125,1.1443125,-0.213198,0.1109417,-1.9217113,0.0608498,False
4.32276,1.14556,-0.2127786,0.1109933,-1.9170406,0.0614561,False
4.3240075,1.1468075,-0.2123593,0.1110449,-1.912373,0.0620672,False
4.325255,1.148055,-0.2119399,0.1110966,-1.9077083,0.062683,False
4.3265025,1.1493025,-0.2115206,0.1111484,-1.9030467,0.0633037,False
4.32775,1.15055,-0.2111012,0.1112003,-1.8983881,0.0639291,False
4.3289975,1.1517975,-0.2106819,0.1112522,-1.8937325,0.0645594,False
4.330245,1.153045,-0.2102625,0.1113042,-1.88908,0.0651946,False
4.3314925,1.1542925,-0.2098432,0.1113563,-1.8844305,0.0658347,False
4.33274,1.15554,-0.2094239,0.1114085,-1.8797841,0.0664797,False
4.3339875,1.1567875,-0.2090045,0.1114607,-1.8751407,0.0671297,False
4.335235,1.158035,-0.2085852,0.111513,-1.8705004,0.0677846,False
4.3364825,1.1592825,-0.2081658,0.1115654,-1.8658631,0.0684445,False
4.33773,1.16053,-0.2077465,0.1116179,-1.861229,0.0691094,False
4.3389775,1.1617775,-0.2073271,0.1116705,-1.8565979,0.0697793,False
4.340225,1.163025,-0.2069078,0.1117231,-1.8519699,0.0704542,False
4.3414725,1.1642725,-0.2064884,0.1117758,-1.847345,0.0711342,False
4.34272,1.16552,-0.2060691,0.1118286,-1.8427233,0.0718194,False
4.3439675,1.1667675,-0.2056498,0.1118814,-1.8381046,0.0725096,False
4.345215,1.168015,-0.2052304,0.1119344,-1.8334891,0.0732049,False
4.3464625,1.1692625,-0.2048111,0.1119874,-1.8288767,0.0739054,False
4.34771,1.17051,-0.2043917,0.1120404,-1.8242674,0.074611,False
4.3489575,1.1717575,-0.2039724,0.1120936,-1.8196613,0.0753219,False
4.350205,1.173005,-0.203553,0.1121468,-1.8150583,0.0760379,False
4.3514525,1.1742525,-0.2031337,0.1122001,-1.8104585,0.0767592,False
4.3527,1.1755,-0.2027143,0.1122535,-1.8058618,0.0774858,False
4.3539475,1.1767475,-0.202295,0.112307,-1.8012683,0.0782176,False
4.355195,1.177995,-0.2018757,0.1123605,-1.796678,0.0789547,False
4.3564425,1.1792425,-0.2014563,0.1124141,-1.7920909,0.0796971,False
4.35769,1.18049,-0.201037,0.1124678,-1.7875069,0.0804448,False
4.3589375,1.1817375,-0.2006176,0.1125216,-1.7829262,0.0811979,False
4.360185,1.182985,-0.2001983,0.1125754,-1.7783486,0.0819564,False
4.3614325,1.1842325,-0.1997789,0.1126293,-1.7737742,0.0827202,False
4.36268,1.18548,-0.1993596,0.1126833,-1.7692031,0.0834895,False
4.3639275,1.1867275,-0.1989402,0.1127373,-1.7646352,0.0842641,False
4.365175,1.187975,-0.1985209,0.1127915,-1.7600705,0.0850443,False
4.3664225,1.1892225,-0.1981016,0.1128457,-1.755509,0.0858299,False
4.36767,1.19047,-0.1976822,0.1128999,-1.7509507,0.0866209,False
4.3689175,1.1917175,-0.1972629,0.1129543,-1.7463957,0.0874175,False
4.370165,1.192965,-0.1968435,0.1130087,-1.741844,0.0882196,False
4.3714125,1.1942125,-0.1964242,0.1130632,-1.7372955,0.0890272,False
4.37266,1.19546,-0.1960048,0.1131178,-1.7327502,0.0898404,False
4.3739075,1.1967075,-0.1955855,0.1131724,-1.7282083,0.0906592,False
4.375155,1.197955,-0.1951661,0.1132271,-1.7236696,0.0914835,False
4.3764025,1.1992025,-0.1947468,0.1132819,-1.7191341,0.0923135,False
4.37765,1.20045,-0.1943275,0.1133368,-1.714602,0.0931491,False
4.3788975,1.2016975,-0.1939081,0.1133917,-1.7100731,0.0939904,False
4.380145,1.202945,-0.1934888,0.1134467,-1.7055476,0.0948373,False
4.3813925,1.2041925,-0.1930694,0.1135018,-1.7010253,0.0956899,False
4.38264,1.20544,-0.1926501,0.1135569,-1.6965063,0.0965482,False
4.3838875,1.2066875,-0.1922307,0.1136122,-1.6919907,0.0974122,False
4.385135,1.207935,-0.1918114,0.1136675,-1.6874783,0.0982819,False
4.3863825,1.2091825,-0.191392,0.1137228,-1.6829693,0.0991574,False
4.38763,1.21043,-0.1909727,0.1137783,-1.6784636,0.1000386,False
4.3888775,1.2116775,-0.1905534,0.1138338,-1.6739612,0.1009257,False
4.390125,1.212925,-0.190134,0.1138894,-1.6694622,0.1018185,False
4.3913725,1.2141725,-0.1897147,0.113945,-1.6649665,0.1027171,False
4.39262,1.21542,-0.1892953,0.1140008,-1.6604741,0.1036216,False
4.3938675,1.2166675,-0.188876,0.1140566,-1.6559852,0.1045319,False
4.395115,1.217915,-0.1884566,0.1141124,-1.6514995,0.1054481,False
4.3963625,1.2191625,-0.1880373,0.1141684,-1.6470172,0.1063702,False
4.39761,1.22041,-0.1876179,0.1142244,-1.6425383,0.1072981,False
4.3988575,1.2216575,-0.1871986,0.1142805,-1.6380628,0.108232,False
4.400105,1.222905,-0.1867793,0.1143366,-1.6335906,0.1091717,False
4.4013525,1.2241525,-0.1863599,0.1143929,-1.6291218,0.1101174,False
4.4026,1.2254,-0.1859406,0.1144492,-1.6246564,0.1110691,False
4.4038475,1.2266475,-0.1855212,0.1145055,-1.6201944,0.1120267,False
4.405095,1.227895,-0.1851019,0.114562,-1.6157358,0.1129903,False
4.4063425,1.2291425,-0.1846825,0.1146185,-1.6112806,0.1139599,False
4.40759,1.23039,-0.1842632,0.1146751,-1.6068288,0.1149355,False
4.4088375,1.2316375,-0.1838438,0.1147317,-1.6023804,0.1159171,False
4.410085,1.232885,-0.1834245,0.1147884,-1.5979354,0.1169048,False
4.4113325,1.2341325,-0.1830052,0.1148452,-1.5934938,0.1178985,False
4.41258,1.23538,-0.1825858,0.1149021,-1.5890556,0.1188983,False
4.4138275,1.2366275,-0.1821665,0.114959,-1.5846209,0.1199041,False
4.415075,1.237875,-0.1817471,0.115016,-1.5801896,0.120916,False
4.4163225,1.2391225,-0.1813278,0.1150731,-1.5757618,0.121934,False
4.41757,1.24037,-0.1809084,0.1151302,-1.5713374,0.1229582,False
4.4188175,1.2416175,-0.1804891,0.1151874,-1.5669164,0.1239884,False
4.420065,1.242865,-0.1800697,0.1152447,-1.5624989,0.1250248,False
4.4213125,1.2441125,-0.1796504,0.1153021,-1.5580848,0.1260673,False
4.42256,1.24536,-0.1792311,0.1153595,-1.5536742,0.127116,False
4.4238075,1.2466075,-0.1788117,0.115417,-1.549267,0.1281709,False
4.425055,1.247855,-0.1783924,0.1154745,-1.5448633,0.1292319,False
4.4263025,1.2491025,-0.177973,0.1155322,-1.5404631,0.1302991,False
4.42755,1.25035,-0.1775537,0.1155899,-1.5360664,0.1313725,False
4.4287975,1.2515975,-0.1771343,0.1156476,-1.5316731,0.1324522,False
4.430045,1.252845,-0.176715,0.1157054,-1.5272833,0.133538,False
4.4312925,1.2540925,-0.1762957,0.1157633,-1.522897,0.1346301,False
4.43254,1.25534,-0.1758763,0.1158213,-1.5185142,0.1357285,False
4.4337875,1.2565875,-0.175457,0.1158793,-1.5141349,0.136833,False
4.435035,1.257835,-0.1750376,0.1159374,-1.5097591,0.1379439,False
4.4362825,1.2590825,-0.1746183,0.1159956,-1.5053868,0.139061,False
4.43753,1.26033,-0.1741989,0.1160539,-1.5010179,0.1401844,False
4.4387775,1.2615775,-0.1737796,0.1161122,-1.4966526,0.1413141,False
4.440025,1.262825,-0.1733602,0.1161705,-1.4922908,0.1424501,False
4.4412725,1.2640725,-0.1729409,0.116229,-1.4879326,0.1435923,False
4.44252,1.26532,-0.1725216,0.1162875,-1.4835778,0.1447409,False
4.4437675,1.2665675,-0.1721022,0.1163461,-1.4792266,0.1458958,False
4.445015,1.267815,-0.1716829,0.1164047,-1.4748789,0.1470571,False
4.4462625,1.2690625,-0.1712635,0.1164634,-1.4705347,0.1482247,False
4.44751,1.27031,-0.1708442,0.1165222,-1.466194,0.1493986,False
4.4487575,1.2715575,-0.1704248,0.1165811,-1.4618569,0.1505789,False
4.450005,1.272805,-0.1700055,0.11664,-1.4575233,0.1517655,False
4.4512525,1.2740525,-0.1695861,0.116699,-1.4531933,0.1529585,False
4.4525,1.2753,-0.1691668,0.116758,-1.4488668,0.1541579,False
4.4537475,1.2765475,-0.1687475,0.1168171,-1.4445439,0.1553636,False
4.454995,1.277795,-0.1683281,0.1168763,-1.4402245,0.1565757,False
4.4562425,1.2790425,-0.1679088,0.1169355,-1.4359087,0.1577942,False
4.45749,1.28029,-0.1674894,0.1169949,-1.4315964,0.1590191,False
4.4587375,1.2815375,-0.1670701,0.1170542,-1.4272877,0.1602504,False
4.459985,1.282785,-0.1666507,0.1171137,-1.4229826,0.1614881,False
4.4612325,1.2840325,-0.1662314,0.1171732,-1.418681,0.1627322,False
4.46248,1.28528,-0.165812,0.1172328,-1.4143831,0.1639827,False
4.4637275,1.2865275,-0.1653927,0.1172924,-1.4100886,0.1652397,False
4.464975,1.287775,-0.1649734,0.1173521,-1.4057978,0.166503,False
4.4662225,1.2890225,-0.164554,0.1174119,-1.4015105,0.1677728,False
4.46747,1.29027,-0.1641347,0.1174717,-1.3972269,0.169049,False
4.4687175,1.2915175,-0.1637153,0.1175316,-1.3929468,0.1703317,False
4.469965,1.292765,-0.163296,0.1175916,-1.3886703,0.1716207,False
4.4712125,1.2940125,-0.1628766,0.1176516,-1.3843974,0.1729162,False
4.47246,1.29526,-0.1624573,0.1177117,-1.3801281,0.1742182,False
4.4737075,1.2965075,-0.1620379,0.1177719,-1.3758623,0.1755266,False
4.474955,1.297755,-0.1616186,0.1178321,-1.3716002,0.1768414,False
4.4762025,1.2990025,-0.1611993,0.1178924,-1.3673417,0.1781627,False
4.47745,1.30025,-0.1607799,0.1179528,-1.3630868,0.1794904,False
4.4786975,1.3014975,-0.1603606,0.1180132,-1.3588355,0.1808246,False
4.479945,1.302745,-0.1599412,0.1180737,-1.3545878,0.1821652,False
4.4811925,1.3039925,-0.1595219,0.1181343,-1.3503438,0.1835123,False
4.48244,1.30524,-0.1591025,0.1181949,-1.3461033,0.1848658,False
4.4836875,1.3064875,-0.1586832,0.1182556,-1.3418665,0.1862258,False
4.484935,1.307735,-0.1582638,0.1183163,-1.3376333,0.1875922,False
4.4861825,1.3089825,-0.1578445,0.1183771,-1.3334037,0.1889651,False
4.48743,1.31023,-0.1574252,0.118438,-1.3291777,0.1903444,False
4.4886775,1.3114775,-0.1570058,0.1184989,-1.3249554,0.1917302,False
4.489925,1.312725,-0.1565865,0.1185599,-1.3207367,0.1931224,False
4.4911725,1.3139725,-0.1561671,0.118621,-1.3165216,0.1945211,False
4.49242,1.31522,-0.1557478,0.1186821,-1.3123102,0.1959262,False
4.4936675,1.3164675,-0.1553284,0.1187433,-1.3081024,0.1973378,False
4.494915,1.317715,-0.1549091,0.1188046,-1.3038982,0.1987558,False
4.4961625,1.3189625,-0.1544897,0.1188659,-1.2996977,0.2001803,False
4.49741,1.32021,-0.1540704,0.1189273,-1.2955008,0.2016112,False
4.4986575,1.3214575,-0.1536511,0.1189887,-1.2913076,0.2030485,False
4.499905,1.322705,-0.1532317,0.1190502,-1.287118,0.2044923,False
4.5011525,1.3239525,-0.1528124,0.1191118,-1.2829321,0.2059425,False
4.5024,1.3252,-0.152393,0.1191734,-1.2787498,0.2073991,False
4.5036475,1.3264475,-0.1519737,0.1192351,-1.2745711,0.2088621,False
4.504895,1.327695,-0.1515543,0.1192969,-1.2703962,0.2103316,False
4.5061425,1.3289425,-0.151135,0.1193587,-1.2662249,0.2118075,False
4.50739,1.33019,-0.1507156,0.1194206,-1.2620572,0.2132898,False
4.5086375,1.3314375,-0.1502963,0.1194826,-1.2578932,0.2147785,False
4.509885,1.332685,-0.149877,0.1195446,-1.2537329,0.2162736,False
4.5111325,1.3339325,-0.1494576,0.1196066,-1.2495762,0.2177751,False
4.51238,1.33518,-0.1490383,0.1196688,-1.2454232,0.219283,False
4.5136275,1.3364275,-0.1486189,0.119731,-1.2412739,0.2207973,False
4.514875,1.337675,-0.1481996,0.1197932,-1.2371283,0.2223179,False
4.5161225,1.3389225,-0.1477802,0.1198555,-1.2329863,0.223845,False
4.51737,1.34017,-0.1473609,0.1199179,-1.228848,0.2253784,False
4.5186175,1.3414175,-0.1469415,0.1199804,-1.2247133,0.2269181,False
4.519865,1.342665,-0.1465222,0.1200429,-1.2205824,0.2284643,False
4.5211125,1.3439125,-0.1461029,0.1201054,-1.2164551,0.2300167,False
4.52236,1.34516,-0.1456835,0.120168,-1.2123315,0.2315755,False
4.5236075,1.3464075,-0.1452642,0.1202307,-1.2082116,0.2331407,False
4.524855,1.347655,-0.1448448,0.1202935,-1.2040954,0.2347121,False
4.5261025,1.3489025,-0.1444255,0.1203563,-1.1999828,0.2362899,False
4.52735,1.35015,-0.1440061,0.1204192,-1.1958739,0.237874,False
4.5285975,1.3513975,-0.1435868,0.1204821,-1.1917688,0.2394644,False
4.529845,1.352645,-0.1431674,0.1205451,-1.1876673,0.2410611,False
4.5310925,1.3538925,-0.1427481,0.1206081,-1.1835695,0.242664,False
4.53234,1.35514,-0.1423288,0.1206712,-1.1794754,0.2442733,False
4.5335875,1.3563875,-0.1419094,0.1207344,-1.175385,0.2458888,False
4.534835,1.357635,-0.1414901,0.1207976,-1.1712982,0.2475105,False
4.5360825,1.3588825,-0.1410707,0.1208609,-1.1672152,0.2491385,False
4.53733,1.36013,-0.1406514,0.1209243,-1.1631359,0.2507727,False
4.5385775,1.3613775,-0.140232,0.1209877,-1.1590603,0.2524132,False
4.539825,1.362625,-0.1398127,0.1210512,-1.1549883,0.2540598,False
4.5410725,1.3638725,-0.1393933,0.1211147,-1.1509201,0.2557127,False
4.54232,1.36512,-0.138974,0.1211783,-1.1468556,0.2573718,False
4.5435675,1.3663675,-0.1385547,0.1212419,-1.1427948,0.259037,False
4.544815,1.367615,-0.1381353,0.1213057,-1.1387376,0.2607084,False
4.5460625,1.3688625,-0.137716,0.1213694,-1.1346842,0.2623859,False
4.54731,1.37011,-0.1372966,0.1214333,-1.1306345,0.2640696,False
4.5485575,1.3713575,-0.1368773,0.1214971,-1.1265885,0.2657595,False
4.549805,1.372605,-0.1364579,0.1215611,-1.1225462,0.2674554,False
4.5510525,1.3738525,-0.1360386,0.1216251,-1.1185076,0.2691575,False
4.5523,1.3751,-0.1356192,0.1216892,-1.1144727,0.2708656,False
4.5535475,1.3763475,-0.1351999,0.1217533,-1.1104415,0.2725798,False
4.554795,1.377595,-0.1347806,0.1218175,-1.1064141,0.2743001,False
4.5560425,1.3788425,-0.1343612,0.1218817,-1.1023903,0.2760264,False
4.55729,1.38009,-0.1339419,0.121946,-1.0983703,0.2777588,False
4.5585375,1.3813375,-0.1335225,0.1220104,-1.0943539,0.2794972,False
4.559785,1.382585,-0.1331032,0.1220748,-1.0903413,0.2812416,False
4.5610325,1.3838325,-0.1326838,0.1221393,-1.0863324,0.282992,False
4.56228,1.38508,-0.1322645,0.1222038,-1.0823272,0.2847483,False
4.5635275,1.3863275,-0.1318451,0.1222684,-1.0783257,0.2865107,False
4.564775,1.387575,-0.1314258,0.122333,-1.074328,0.2882789,False
4.5660225,1.3888225,-0.1310065,0.1223977,-1.0703339,0.2900531,False
4.56727,1.39007,-0.1305871,0.1224625,-1.0663436,0.2918333,False
4.5685175,1.3913175,-0.1301678,0.1225273,-1.062357,0.2936193,False
4.569765,1.392565,-0.1297484,0.1225922,-1.0583741,0.2954112,False
4.5710125,1.3938125,-0.1293291,0.1226572,-1.054395,0.297209,False
4.57226,1.39506,-0.1289097,0.1227221,-1.0504195,0.2990126,False
4.5735075,1.3963075,-0.1284904,0.1227872,-1.0464478,0.300822,False
4.574755,1.397555,-0.128071,0.1228523,-1.0424798,0.3026373,False
4.5760025,1.3988025,-0.1276517,0.1229175,-1.0385155,0.3044584,False
4.57725,1.40005,-0.1272324,0.1229827,-1.0345549,0.3062852,False
4.5784975,1.4012975,-0.126813,0.123048,-1.0305981,0.3081178,False
4.579745,1.402545,-0.1263937,0.1231133,-1.026645,0.3099562,False
4.5809925,1.4037925,-0.1259743,0.1231787,-1.0226956,0.3118003,False
4.58224,1.40504,-0.125555,0.1232442,-1.0187499,0.3136501,False
4.5834875,1.4062875,-0.1251356,0.1233097,-1.0148079,0.3155056,False
4.584735,1.407535,-0.1247163,0.1233752,-1.0108697,0.3173667,False
4.5859825,1.4087825,-0.124297,0.1234409,-1.0069352,0.3192335,False
4.58723,1.41003,-0.1238776,0.1235065,-1.0030044,0.3211059,False
4.5884775,1.4112775,-0.1234583,0.1235723,-0.9990773,0.322984,False
4.589725,1.412525,-0.1230389,0.1236381,-0.995154,0.3248676,False
4.5909725,1.4137725,-0.1226196,0.1237039,-0.9912344,0.3267568,False
4.59222,1.41502,-0.1222002,0.1237698,-0.9873185,0.3286516,False
4.5934675,1.4162675,-0.1217809,0.1238358,-0.9834063,0.3305519,False
4.594715,1.417515,-0.1213615,0.1239018,-0.9794978,0.3324577,False
4.5959625,1.4187625,-0.1209422,0.1239679,-0.9755931,0.3343689,False
4.59721,1.42001,-0.1205229,0.124034,-0.9716921,0.3362857,False
4.5984575,1.4212575,-0.1201035,0.1241002,-0.9677948,0.3382079,False
4.599705,1.422505,-0.1196842,0.1241664,-0.9639013,0.3401355,False
4.6009525,1.4237525,-0.1192648,0.1242327,-0.9600115,0.3420686,False
4.6022,1.425,-0.1188455,0.124299,-0.9561254,0.344007,False
4.6034475,1.4262475,-0.1184261,0.1243655,-0.952243,0.3459508,False
4.604695,1.427495,-0.1180068,0.1244319,-0.9483643,0.3478999,False
4.6059425,1.4287425,-0.1175874,0.1244984,-0.9444894,0.3498543,False
4.60719,1.42999,-0.1171681,0.124565,-0.9406182,0.3518141,False
4.6084375,1.4312375,-0.1167488,0.1246316,-0.9367507,0.3537791,False
4.609685,1.432485,-0.1163294,0.1246983,-0.9328869,0.3557493,False
4.6109325,1.4337325,-0.1159101,0.124765,-0.9290269,0.3577248,False
4.61218,1.43498,-0.1154907,0.1248318,-0.9251706,0.3597055,False
4.6134275,1.4362275,-0.1150714,0.1248987,-0.921318,0.3616914,False
4.614675,1.437475,-0.114652,0.1249655,-0.9174691,0.3636824,False
4.6159225,1.4387225,-0.1142327,0.1250325,-0.913624,0.3656785,False
4.61717,1.43997,-0.1138133,0.1250995,-0.9097825,0.3676798,False
4.6184175,1.4412175,-0.113394,0.1251666,-0.9059448,0.3696861,False
4.619665,1.442465,-0.1129747,0.1252337,-0.9021108,0.3716975,False
4.6209125,1.4437125,-0.1125553,0.1253008,-0.8982805,0.3737139,False
4.62216,1.44496,-0.112136,0.1253681,-0.894454,0.3757354,False
4.6234075,1.4462075,-0.1117166,0.1254353,-0.8906312,0.3777618,False
4.624655,1.447455,-0.1112973,0.1255027,-0.886812,0.3797932,False
4.6259025,1.4487025,-0.1108779,0.12557,-0.8829966,0.3818295,False
4.62715,1.44995,-0.1104586,0.1256375,-0.879185,0.3838708,False
4.6283975,1.4511975,-0.1100392,0.125705,-0.875377,0.3859169,False
4.629645,1.452445,-0.1096199,0.1257725,-0.8715728,0.3879678,False
4.6308925,1.4536925,-0.1092006,0.1258401,-0.8677722,0.3900237,False
4.63214,1.45494,-0.1087812,0.1259078,-0.8639754,0.3920843,False
4.6333875,1.4561875,-0.1083619,0.1259755,-0.8601823,0.3941497,False
4.634635,1.457435,-0.1079425,0.1260432,-0.8563929,0.3962198,False
4.6358825,1.4586825,-0.1075232,0.126111,-0.8526073,0.3982947,False
4.63713,1.45993,-0.1071038,0.1261789,-0.8488253,0.4003743,False
4.6383775,1.4611775,-0.1066845,0.1262468,-0.8450471,0.4024586,False
4.639625,1.462425,-0.1062651,0.1263148,-0.8412725,0.4045475,False
4.6408725,1.4636725,-0.1058458,0.1263828,-0.8375017,0.406641,False
4.64212,1.46492,-0.1054265,0.1264509,-0.8337346,0.4087391,False
4.6433675,1.4661675,-0.1050071,0.126519,-0.8299712,0.4108418,False
4.644615,1.467415,-0.1045878,0.1265872,-0.8262115,0.412949,False
4.6458625,1.4686625,-0.1041684,0.1266554,-0.8224555,0.4150608,False
4.64711,1.46991,-0.1037491,0.1267237,-0.8187033,0.417177,False
4.6483575,1.4711575,-0.1033297,0.126792,-0.8149547,0.4192977,False
4.649605,1.472405,-0.1029104,0.1268604,-0.8112098,0.4214228,False
4.6508525,1.4736525,-0.102491,0.1269288,-0.8074687,0.4235523,False
4.6521,1.4749,-0.1020717,0.1269973,-0.8037312,0.4256862,False
4.6533475,1.4761475,-0.1016524,0.1270658,-0.7999975,0.4278245,False
4.654595,1.477395,-0.101233,0.1271344,-0.7962674,0.429967,False
4.6558425,1.4786425,-0.1008137,0.1272031,-0.7925411,0.4321138,False
4.65709,1.47989,-0.1003943,0.1272718,-0.7888184,0.4342649,False
4.6583375,1.4811375,-0.099975,0.1273405,-0.7850995,0.4364203,False
4.659585,1.482385,-0.0995556,0.1274093,-0.7813842,0.4385798,False
4.6608325,1.4836325,-0.0991363,0.1274782,-0.7776727,0.4407435,False
4.66208,1.48488,-0.0987169,0.1275471,-0.7739648,0.4429113,False
4.6633275,1.4861275,-0.0982976,0.127616,-0.7702606,0.4450833,False
4.664575,1.487375,-0.0978783,0.127685,-0.7665602,0.4472593,False
4.6658225,1.4886225,-0.0974589,0.1277541,-0.7628634,0.4494394,False
4.66707,1.48987,-0.0970396,0.1278232,-0.7591703,0.4516236,False
4.6683175,1.4911175,-0.0966202,0.1278923,-0.7554809,0.4538117,False
4.669565,1.492365,-0.0962009,0.1279615,-0.7517952,0.4560038,False
4.6708125,1.4936125,-0.0957815,0.1280308,-0.7481132,0.4581998,False
4.67206,1.49486,-0.0953622,0.1281001,-0.7444349,0.4603997,False
4.6733075,1.4961075,-0.0949428,0.1281695,-0.7407603,0.4626035,False
4.674555,1.497355,-0.0945235,0.1282389,-0.7370893,0.4648112,False
4.6758025,1.4986025,-0.0941042,0.1283083,-0.733422,0.4670226,False
4.67705,1.49985,-0.0936848,0.1283778,-0.7297584,0.4692379,False
4.6782975,1.5010975,-0.0932655,0.1284474,-0.7260985,0.4714569,False
4.679545,1.502345,-0.0928461,0.128517,-0.7224423,0.4736796,False
4.6807925,1.5035925,-0.0924268,0.1285867,-0.7187898,0.475906,False
4.68204,1.50484,-0.0920074,0.1286564,-0.7151409,0.4781361,False
4.6832875,1.5060875,-0.0915881,0.1287261,-0.7114957,0.4803698,False
4.684535,1.507335,-0.0911687,0.1287959,-0.7078542,0.4826071,False
4.6857825,1.5085825,-0.0907494,0.1288658,-0.7042164,0.484848,False
4.68703,1.50983,-0.0903301,0.1289357,-0.7005822,0.4870925,False
4.6882775,1.5110775,-0.0899107,0.1290057,-0.6969517,0.4893404,False
4.689525,1.512325,-0.0894914,0.1290757,-0.6933249,0.4915918,False
4.6907725,1.5135725,-0.089072,0.1291457,-0.6897017,0.4938467,False
4.69202,1.51482,-0.0886527,0.1292158,-0.6860822,0.496105,False
4.6932675,1.5160675,-0.0882333,0.129286,-0.6824664,0.4983666,False
4.694515,1.517315,-0.087814,0.1293562,-0.6788542,0.5006316,False
4.6957625,1.5185625,-0.0873946,0.1294264,-0.6752457,0.5028999,False
4.69701,1.51981,-0.0869753,0.1294967,-0.6716409,0.5051716,False
4.6982575,1.5210575,-0.086556,0.1295671,-0.6680397,0.5074464,False
4.699505,1.522305,-0.0861366,0.1296375,-0.6644422,0.5097245,False
4.7007525,1.5235525,-0.0857173,0.1297079,-0.6608484,0.5120058,False
4.702,1.5248,-0.0852979,0.1297784,-0.6572582,0.5142903,False
4.7032475,1.5260475,-0.0848786,0.129849,-0.6536716,0.5165779,False
4.704495,1.527295,-0.0844592,0.1299196,-0.6500887,0.5188686,False
4.7057425,1.5285425,-0.0840399,0.1299902,-0.6465095,0.5211623,False
4.70699,1.52979,-0.0836205,0.1300609,-0.6429339,0.5234591,False
4.7082375,1.5310375,-0.0832012,0.1301316,-0.6393619,0.5257589,False
4.709485,1.532285,-0.0827819,0.1302024,-0.6357936,0.5280616,False
4.7107325,1.5335325,-0.0823625,0.1302732,-0.632229,0.5303673,False
4.71198,1.53478,-0.0819432,0.1303441,-0.6286679,0.5326759,False
4.7132275,1.5360275,-0.0815238,0.1304151,-0.6251106,0.5349874,False
4.714475,1.537275,-0.0811045,0.130486,-0.6215568,0.5373017,False
4.7157225,1.5385225,-0.0806851,0.1305571,-0.6180067,0.5396188,False
4.71697,1.53977,-0.0802658,0.1306281,-0.6144603,0.5419387,False
4.7182175,1.5410175,-0.0798464,0.1306992,-0.6109174,0.5442613,False
4.719465,1.542265,-0.0794271,0.1307704,-0.6073783,0.5465867,False
4.7207125,1.5435125,-0.0790078,0.1308416,-0.6038427,0.5489147,False
4.72196,1.54476,-0.0785884,0.1309129,-0.6003108,0.5512454,False
4.7232075,1.5460075,-0.0781691,0.1309842,-0.5967825,0.5535787,False
4.724455,1.547255,-0.0777497,0.1310556,-0.5932578,0.5559145,False
4.7257025,1.5485025,-0.0773304,0.131127,-0.5897367,0.5582529,False
4.72695,1.54975,-0.076911,0.1311984,-0.5862193,0.5605939,False
4.7281975,1.5509975,-0.0764917,0.1312699,-0.5827055,0.5629373,False
4.729445,1.552245,-0.0760723,0.1313415,-0.5791953,0.5652831,False
4.7306925,1.5534925,-0.075653,0.131413,-0.5756887,0.5676314,False
4.73194,1.55474,-0.0752337,0.1314847,-0.5721858,0.5699821,False
4.7331875,1.5559875,-0.0748143,0.1315564,-0.5686864,0.5723351,False
4.734435,1.557235,-0.074395,0.1316281,-0.5651907,0.5746905,False
4.7356825,1.5584825,-0.0739756,0.1316999,-0.5616985,0.5770481,False
4.73693,1.55973,-0.0735563,0.1317717,-0.55821,0.579408,False
4.7381775,1.5609775,-0.0731369,0.1318436,-0.5547251,0.5817701,False
4.739425,1.562225,-0.0727176,0.1319155,-0.5512438,0.5841344,False
4.7406725,1.5634725,-0.0722983,0.1319874,-0.5477661,0.5865008,False
4.74192,1.56472,-0.0718789,0.1320595,-0.544292,0.5888694,False
4.7431675,1.5659675,-0.0714596,0.1321315,-0.5408215,0.5912401,False
4.744415,1.567215,-0.0710402,0.1322036,-0.5373546,0.5936128,False
4.7456625,1.5684625,-0.0706209,0.1322758,-0.5338913,0.5959875,False
4.74691,1.56971,-0.0702015,0.132348,-0.5304315,0.5983643,False
4.7481575,1.5709575,-0.0697822,0.1324202,-0.5269754,0.600743,False
4.749405,1.572205,-0.0693628,0.1324925,-0.5235229,0.6031236,False
4.7506525,1.5734525,-0.0689435,0.1325648,-0.5200739,0.6055061,False
4.7519,1.5747,-0.0685242,0.1326372,-0.5166285,0.6078905,False
4.7531475,1.5759475,-0.0681048,0.1327096,-0.5131867,0.6102767,False
4.754395,1.577195,-0.0676855,0.1327821,-0.5097485,0.6126647,False
4.7556425,1.5784425,-0.0672661,0.1328546,-0.5063139,0.6150545,False
4.75689,1.57969,-0.0668468,0.1329271,-0.5028828,0.617446,False
4.7581375,1.5809375,-0.0664274,0.1329997,-0.4994553,0.6198392,False
4.759385,1.582185,-0.0660081,0.1330724,-0.4960314,0.6222341,False
4.7606325,1.5834325,-0.0655887,0.1331451,-0.4926111,0.6246306,False
4.76188,1.58468,-0.0651694,0.1332178,-0.4891943,0.6270287,False
4.7631275,1.5859275,-0.0647501,0.1332906,-0.4857811,0.6294284,False
4.764375,1.587175,-0.0643307,0.1333634,-0.4823715,0.6318296,False
4.7656225,1.5884225,-0.0639114,0.1334363,-0.4789654,0.6342323,False
4.76687,1.58967,-0.063492,0.1335092,-0.4755628,0.6366365,False
4.7681175,1.5909175,-0.0630727,0.1335822,-0.4721639,0.6390421,False
4.769365,1.592165,-0.0626533,0.1336552,-0.4687685,0.6414492,False
4.7706125,1.5934125,-0.062234,0.1337282,-0.4653766,0.6438576,False
4.77186,1.59466,-0.0618146,0.1338013,-0.4619883,0.6462673,False
4.7731075,1.5959075,-0.0613953,0.1338745,-0.4586035,0.6486784,False
4.774355,1.597155,-0.060976,0.1339476,-0.4552223,0.6510907,False
4.7756025,1.5984025,-0.0605566,0.1340209,-0.4518446,0.6535043,False
4.77685,1.59965,-0.0601373,0.1340941,-0.4484705,0.6559191,False
4.7780975,1.6008975,-0.0597179,0.1341674,-0.4450999,0.6583351,False
4.779345,1.602145,-0.0592986,0.1342408,-0.4417329,0.6607522,False
4.7805925,1.6033925,-0.0588792,0.1343142,-0.4383693,0.6631705,False
4.78184,1.60464,-0.0584599,0.1343877,-0.4350094,0.6655898,False
4.7830875,1.6058875,-0.0580405,0.1344611,-0.4316529,0.6680102,False
4.784335,1.607135,-0.0576212,0.1345347,-0.4283,0.6704316,False
4.7855825,1.6083825,-0.0572019,0.1346083,-0.4249506,0.672854,False
4.78683,1.60963,-0.0567825,0.1346819,-0.4216047,0.6752773,False
4.7880775,1.6108775,-0.0563632,0.1347555,-0.4182623,0.6777016,False
4.789325,1.612125,-0.0559438,0.1348292,-0.4149235,0.6801268,False
4.7905725,1.6133725,-0.0555245,0.134903,-0.4115882,0.6825528,False
4.79182,1.61462,-0.0551051,0.1349768,-0.4082564,0.6849797,False
4.7930675,1.6158675,-0.0546858,0.1350506,-0.4049281,0.6874073,False
4.794315,1.617115,-0.0542664,0.1351245,-0.4016033,0.6898358,False
4.7955625,1.6183625,-0.0538471,0.1351984,-0.398282,0.692265,False
4.79681,1.61961,-0.0534278,0.1352724,-0.3949642,0.6946948,False
4.7980575,1.6208575,-0.0530084,0.1353464,-0.39165,0.6971254,False
4.799305,1.622105,-0.0525891,0.1354204,-0.3883392,0.6995566,False
4.8005525,1.6233525,-0.0521697,0.1354945,-0.3850319,0.7019884,False
4.8018,1.6246,-0.0517504,0.1355687,-0.3817281,0.7044208,False
4.8030475,1.6258475,-0.051331,0.1356429,-0.3784278,0.7068537,False
4.804295,1.627095,-0.0509117,0.1357171,-0.375131,0.7092872,False
4.8055425,1.6283425,-0.0504923,0.1357913,-0.3718377,0.7117211,False
4.80679,1.62959,-0.050073,0.1358656,-0.3685479,0.7141555,False
4.8080375,1.6308375,-0.0496537,0.13594,-0.3652616,0.7165903,False
4.809285,1.632085,-0.0492343,0.1360144,-0.3619787,0.7190256,False
4.8105325,1.6333325,-0.048815,0.1360888,-0.3586993,0.7214612,False
4.81178,1.63458,-0.0483956,0.1361633,-0.3554234,0.7238971,False
4.8130275,1.6358275,-0.0479763,0.1362378,-0.352151,0.7263333,False
4.814275,1.637075,-0.0475569,0.1363124,-0.348882,0.7287698,False
4.8155225,1.6383225,-0.0471376,0.136387,-0.3456165,0.7312066,False
4.81677,1.63957,-0.0467182,0.1364616,-0.3423545,0.7336435,False
4.8180175,1.6408175,-0.0462989,0.1365363,-0.3390959,0.7360807,False
4.819265,1.642065,-0.0458796,0.136611,-0.3358408,0.738518,False
4.8205125,1.6433125,-0.0454602,0.1366858,-0.3325892,0.7409554,False
4.82176,1.64456,-0.0450409,0.1367606,-0.329341,0.7433929,False
4.8230075,1.6458075,-0.0446215,0.1368354,-0.3260962,0.7458305,False
4.824255,1.647055,-0.0442022,0.1369103,-0.3228549,0.7482681,False
4.8255025,1.6483025,-0.0437828,0.1369853,-0.3196171,0.7507057,False
4.82675,1.64955,-0.0433635,0.1370602,-0.3163827,0.7531433,False
4.8279975,1.6507975,-0.0429441,0.1371353,-0.3131517,0.7555809,False
4.829245,1.652045,-0.0425248,0.1372103,-0.3099242,0.7580183,False
4.8304925,1.6532925,-0.0421055,0.1372854,-0.3067001,0.7604557,False
4.83174,1.65454,-0.0416861,0.1373606,-0.3034795,0.7628929,False
4.8329875,1.6557875,-0.0412668,0.1374357,-0.3002623,0.7653299,False
4.834235,1.657035,-0.0408474,0.137511,-0.2970485,0.7677667,False
4.8354825,1.6582825,-0.0404281,0.1375862,-0.2938382,0.7702033,False
4.83673,1.65953,-0.0400087,0.1376615,-0.2906312,0.7726397,False
4.8379775,1.6607775,-0.0395894,0.1377369,-0.2874277,0.7750758,False
4.839225,1.662025,-0.03917,0.1378122,-0.2842276,0.7775115,False
4.8404725,1.6632725,-0.0387507,0.1378877,-0.281031,0.7799469,False
4.84172,1.66452,-0.0383314,0.1379631,-0.2778377,0.7823819,False
4.8429675,1.6657675,-0.037912,0.1380386,-0.2746478,0.7848166,False
4.844215,1.667015,-0.0374927,0.1381142,-0.2714614,0.7872508,False
4.8454625,1.6682625,-0.0370733,0.1381898,-0.2682784,0.7896845,False
4.84671,1.66951,-0.036654,0.1382654,-0.2650987,0.7921178,False
4.8479575,1.6707575,-0.0362346,0.1383411,-0.2619225,0.7945505,False
4.849205,1.672005,-0.0358153,0.1384168,-0.2587497,0.7969827,False
4.8504525,1.6732525,-0.0353959,0.1384925,-0.2555802,0.7994144,False
4.8517,1.6745,-0.0349766,0.1385683,-0.2524142,0.8018454,False
4.8529475,1.6757475,-0.0345573,0.1386441,-0.2492515,0.8042758,False
4.854195,1.676995,-0.0341379,0.13872,-0.2460923,0.8067056,False
4.8554425,1.6782425,-0.0337186,0.1387959,-0.2429364,0.8091347,False
4.85669,1.67949,-0.0332992,0.1388718,-0.2397839,0.8115631,False
4.8579375,1.6807375,-0.0328799,0.1389478,-0.2366348,0.8139908,False
4.859185,1.681985,-0.0324605,0.1390238,-0.233489,0.8164177,False
4.8604325,1.6832325,-0.0320412,0.1390999,-0.2303466,0.8188438,False
4.86168,1.68448,-0.0316218,0.139176,-0.2272076,0.8212691,False
4.8629275,1.6857275,-0.0312025,0.1392521,-0.224072,0.8236936,False
4.864175,1.686975,-0.0307832,0.1393283,-0.2209397,0.8261172,False
4.8654225,1.6882225,-0.0303638,0.1394045,-0.2178108,0.8285399,False
4.86667,1.68947,-0.0299445,0.1394808,-0.2146852,0.8309617,False
4.8679175,1.6907175,-0.0295251,0.1395571,-0.2115631,0.8333825,False
4.869165,1.691965,-0.0291058,0.1396334,-0.2084442,0.8358024,False
4.8704125,1.6932125,-0.0286864,0.1397098,-0.2053287,0.8382213,False
4.87166,1.69446,-0.0282671,0.1397862,-0.2022166,0.8406391,False
4.8729075,1.6957075,-0.0278477,0.1398627,-0.1991078,0.8430559,False
4.874155,1.696955,-0.0274284,0.1399392,-0.1960023,0.8454717,False
4.8754025,1.6982025,-0.0270091,0.1400157,-0.1929002,0.8478863,False
4.87665,1.69945,-0.0265897,0.1400923,-0.1898014,0.8502998,False
4.8778975,1.7006975,-0.0261704,0.1401689,-0.186706,0.8527122,False
4.879145,1.701945,-0.025751,0.1402455,-0.1836139,0.8551234,False
4.8803925,1.7031925,-0.0253317,0.1403222,-0.1805251,0.8575333,False
4.88164,1.70444,-0.0249123,0.1403989,-0.1774396,0.8599421,False
4.8828875,1.7056875,-0.024493,0.1404757,-0.1743575,0.8623496,False
4.884135,1.706935,-0.0240736,0.1405525,-0.1712787,0.8647559,False
4.8853825,1.7081825,-0.0236543,0.1406293,-0.1682032,0.8671608,False
4.88663,1.70943,-0.023235,0.1407062,-0.165131,0.8695644,False
4.8878775,1.7106775,-0.0228156,0.1407831,-0.1620621,0.8719667,False
4.889125,1.711925,-0.0223963,0.1408601,-0.1589966,0.8743676,False
4.8903725,1.7131725,-0.0219769,0.1409371,-0.1559343,0.8767671,False
4.89162,1.71442,-0.0215576,0.1410141,-0.1528754,0.8791652,False
4.8928675,1.7156675,-0.0211382,0.1410912,-0.1498197,0.8815618,False
4.894115,1.716915,-0.0207189,0.1411683,-0.1467674,0.883957,False
4.8953625,1.7181625,-0.0202996,0.1412454,-0.1437183,0.8863507,False
4.89661,1.71941,-0.0198802,0.1413226,-0.1406725,0.8887429,False
4.8978575,1.7206575,-0.0194609,0.1413998,-0.13763,0.8911335,False
4.899105,1.721905,-0.0190415,0.1414771,-0.1345908,0.8935226,False
4.9003525,1.7231525,-0.0186222,0.1415544,-0.1315549,0.8959101,False
4.9016,1.7244,-0.0182028,0.1416317,-0.1285223,0.8982959,False
4.9028475,1.7256475,-0.0177835,0.1417091,-0.1254929,0.9006802,False
4.904095,1.726895,-0.0173641,0.1417865,-0.1224668,0.9030628,False
4.9053425,1.7281425,-0.0169448,0.1418639,-0.119444,0.9054437,False
4.90659,1.72939,-0.0165255,0.1419414,-0.1164245,0.9078229,False
4.9078375,1.7306375,-0.0161061,0.1420189,-0.1134082,0.9102005,False
4.909085,1.731885,-0.0156868,0.1420964,-0.1103952,0.9125762,False
4.9103325,1.7331325,-0.0152674,0.142174,-0.1073854,0.9149502,False
4.91158,1.73438,-0.0148481,0.1422517,-0.1043789,0.9173224,False
4.9128275,1.7356275,-0.0144287,0.1423293,-0.1013757,0.9196929,False
4.914075,1.736875,-0.0140094,0.142407,-0.0983757,0.9220614,False
4.9153225,1.7381225,-0.01359,0.1424848,-0.0953789,0.9244282,False
4.91657,1.73937,-0.0131707,0.1425625,-0.0923854,0.926793,False
4.9178175,1.7406175,-0.0127514,0.1426403,-0.0893951,0.929156,False
4.919065,1.741865,-0.012332,0.1427182,-0.0864081,0.931517,False
4.9203125,1.7431125,-0.0119127,0.1427961,-0.0834243,0.9338762,False
4.92156,1.74436,-0.0114933,0.142874,-0.0804437,0.9362333,False
4.9228075,1.7456075,-0.011074,0.142952,-0.0774664,0.9385885,False
4.924055,1.746855,-0.0106546,0.1430299,-0.0744923,0.9409417,False
4.9253025,1.7481025,-0.0102353,0.143108,-0.0715214,0.9432928,False
4.92655,1.74935,-0.0098159,0.143186,-0.0685538,0.945642,False
4.9277975,1.7505975,-0.0093966,0.1432641,-0.0655893,0.947989,False
4.929045,1.751845,-0.0089773,0.1433423,-0.0626281,0.950334,False
4.9302925,1.7530925,-0.0085579,0.1434204,-0.0596701,0.9526769,False
4.93154,1.75434,-0.0081386,0.1434987,-0.0567153,0.9550177,False
4.9327875,1.7555875,-0.0077192,0.1435769,-0.0537637,0.9573563,False
4.934035,1.756835,-0.0072999,0.1436552,-0.0508153,0.9596928,False
4.9352825,1.7580825,-0.0068805,0.1437335,-0.0478701,0.962027,False
4.93653,1.75933,-0.0064612,0.1438118,-0.0449281,0.9643591,False
4.9377775,1.7605775,-0.0060418,0.1438902,-0.0419892,0.966689,False
4.939025,1.761825,-0.0056225,0.1439687,-0.0390536,0.9690166,False
4.9402725,1.7630725,-0.0052032,0.1440471,-0.0361212,0.971342,False
4.94152,1.76432,-0.0047838,0.1441256,-0.0331919,0.9736651,False
4.9427675,1.7655675,-0.0043645,0.1442041,-0.0302659,0.9759859,False
4.944015,1.766815,-0.0039451,0.1442827,-0.027343,0.9783045,False
4.9452625,1.7680625,-0.0035258,0.1443613,-0.0244233,0.9806206,False
4.94651,1.76931,-0.0031064,0.1444399,-0.0215067,0.9829345,False
4.9477575,1.7705575,-0.0026871,0.1445186,-0.0185934,0.9852459,False
4.949005,1.771805,-0.0022677,0.1445973,-0.0156832,0.987555,False
4.9502525,1.7730525,-0.0018484,0.1446761,-0.0127761,0.9898617,False
4.9515,1.7743,-0.0014291,0.1447548,-0.0098722,0.9921659,False
4.9527475,1.7755475,-0.0010097,0.1448336,-0.0069715,0.9944677,False
4.953995,1.776795,-0.0005904,0.1449125,-0.0040739,0.9967671,False
4.9552425,1.7780425,-0.000171,0.1449914,-0.0011795,0.999064,False
4.95649,1.77929,0.0002483,0.1450703,0.0017117,0.9986416,False
4.9577375,1.7805375,0.0006677,0.1451492,0.0045999,0.9963497,False
4.958985,1.781785,0.001087,0.1452282,0.0074849,0.9940604,False
4.9602325,1.7830325,0.0015064,0.1453072,0.0103667,0.9917735,False
4.96148,1.78428,0.0019257,0.1453863,0.0132454,0.9894893,False
4.9627275,1.7855275,0.002345,0.1454654,0.016121,0.9872076,False
4.963975,1.786775,0.0027644,0.1455445,0.0189934,0.9849285,False
4.9652225,1.7880225,0.0031837,0.1456237,0.0218628,0.982652,False
4.96647,1.78927,0.0036031,0.1457029,0.0247289,0.9803781,False
4.9677175,1.7905175,0.0040224,0.1457821,0.027592,0.9781069,False
4.968965,1.791765,0.0044418,0.1458613,0.030452,0.9758383,False
4.9702125,1.7930125,0.0048611,0.1459406,0.0333088,0.9735724,False
4.97146,1.79426,0.0052805,0.14602,0.0361626,0.9713092,False
4.9727075,1.7955075,0.0056998,0.1460993,0.0390132,0.9690487,False
4.973955,1.796755,0.0061191,0.1461787,0.0418607,0.9667909,False
4.9752025,1.7980025,0.0065385,0.1462582,0.0447051,0.9645359,False
4.97645,1.79925,0.0069578,0.1463376,0.0475464,0.9622835,False
4.9776975,1.8004975,0.0073772,0.1464171,0.0503847,0.960034,False
4.978945,1.801745,0.0077965,0.1464966,0.0532198,0.9577872,False
4.9801925,1.8029925,0.0082159,0.1465762,0.0560518,0.9555433,False
4.98144,1.80424,0.0086352,0.1466558,0.0588808,0.9533021,False
4.9826875,1.8054875,0.0090546,0.1467354,0.0617067,0.9510638,False
4.983935,1.806735,0.0094739,0.1468151,0.0645295,0.9488283,False
4.9851825,1.8079825,0.0098932,0.1468948,0.0673492,0.9465956,False
4.98643,1.80923,0.0103126,0.1469745,0.0701658,0.9443658,False
4.9876775,1.8104775,0.0107319,0.1470543,0.0729794,0.9421389,False
4.988925,1.811725,0.0111513,0.1471341,0.0757899,0.9399149,False
4.9901725,1.8129725,0.0115706,0.1472139,0.0785973,0.9376938,False
4.99142,1.81422,0.01199,0.1472938,0.0814017,0.9354757,False
4.9926675,1.8154675,0.0124093,0.1473737,0.084203,0.9332604,False
4.993915,1.816715,0.0128287,0.1474536,0.0870013,0.9310481,False
4.9951625,1.8179625,0.013248,0.1475336,0.0897965,0.9288388,False
4.99641,1.81921,0.0136673,0.1476136,0.0925886,0.9266324,False
4.9976575,1.8204575,0.0140867,0.1476936,0.0953778,0.9244291,False
4.998905,1.821705,0.014506,0.1477737,0.0981638,0.9222287,False
5.0001525,1.8229525,0.0149254,0.1478538,0.1009469,0.9200314,False
5.0014,1.8242,0.0153447,0.1479339,0.1037268,0.917837,False
5.0026475,1.8254475,0.0157641,0.1480141,0.1065038,0.9156458,False
5.003895,1.826695,0.0161834,0.1480943,0.1092777,0.9134575,False
5.0051425,1.8279425,0.0166028,0.1481745,0.1120486,0.9112724,False
5.00639,1.82919,0.0170221,0.1482548,0.1148165,0.9090903,False
5.0076375,1.8304375,0.0174414,0.1483351,0.1175814,0.9069113,False
5.008885,1.831685,0.0178608,0.1484154,0.1203432,0.9047354,False
5.0101325,1.8329325,0.0182801,0.1484958,0.123102,0.9025626,False
5.01138,1.83418,0.0186995,0.1485762,0.1258578,0.9003929,False
5.0126275,1.8354275,0.0191188,0.1486566,0.1286107,0.8982264,False
5.013875,1.836675,0.0195382,0.148737,0.1313605,0.896063,False
5.0151225,1.8379225,0.0199575,0.1488175,0.1341072,0.8939028,False
5.01637,1.83917,0.0203769,0.148898,0.136851,0.8917458,False
5.0176175,1.8404175,0.0207962,0.1489786,0.1395918,0.8895919,False
5.018865,1.841665,0.0212155,0.1490592,0.1423297,0.8874412,False
5.0201125,1.8429125,0.0216349,0.1491398,0.1450645,0.8852937,False
5.02136,1.84416,0.0220542,0.1492204,0.1477963,0.8831495,False
5.0226075,1.8454075,0.0224736,0.1493011,0.1505252,0.8810084,False
5.023855,1.846655,0.0228929,0.1493818,0.153251,0.8788706,False
5.0251025,1.8479025,0.0233123,0.1494626,0.1559739,0.8767361,False
5.02635,1.84915,0.0237316,0.1495434,0.1586938,0.8746048,False
5.0275975,1.8503975,0.024151,0.1496242,0.1614108,0.8724767,False
5.028845,1.851645,0.0245703,0.149705,0.1641248,0.870352,False
5.0300925,1.8528925,0.0249896,0.1497859,0.1668358,0.8682305,False
5.03134,1.85414,0.025409,0.1498668,0.1695438,0.8661123,False
5.0325875,1.8553875,0.0258283,0.1499477,0.1722489,0.8639975,False
5.033835,1.856635,0.0262477,0.1500287,0.174951,0.8618859,False
5.0350825,1.8578825,0.026667,0.1501097,0.1776502,0.8597777,False
5.03633,1.85913,0.0270864,0.1501907,0.1803465,0.8576728,False
5.0375775,1.8603775,0.0275057,0.1502718,0.1830398,0.8555712,False
5.038825,1.861625,0.0279251,0.1503528,0.1857301,0.853473,False
5.0400725,1.8628725,0.0283444,0.150434,0.1884175,0.8513782,False
5.04132,1.86412,0.0287637,0.1505151,0.191102,0.8492867,False
5.0425675,1.8653675,0.0291831,0.1505963,0.1937835,0.8471986,False
5.043815,1.866615,0.0296024,0.1506775,0.1964621,0.8451139,False
5.0450625,1.8678625,0.0300218,0.1507588,0.1991378,0.8430326,False
5.04631,1.86911,0.0304411,0.15084,0.2018106,0.8409546,False
5.0475575,1.8703575,0.0308605,0.1509213,0.2044804,0.8388801,False
5.048805,1.871605,0.0312798,0.1510027,0.2071473,0.8368091,False
5.0500525,1.8728525,0.0316992,0.1510841,0.2098114,0.8347414,False
5.0513,1.8741,0.0321185,0.1511655,0.2124724,0.8326772,False
5.0525475,1.8753475,0.0325378,0.1512469,0.2151306,0.8306164,False
5.053795,1.876595,0.0329572,0.1513283,0.2177859,0.8285591,False
5.0550425,1.8778425,0.0333765,0.1514098,0.2204383,0.8265053,False
5.05629,1.87909,0.0337959,0.1514914,0.2230878,0.8244549,False
5.0575375,1.8803375,0.0342152,0.1515729,0.2257344,0.822408,False
5.058785,1.881585,0.0346346,0.1516545,0.2283781,0.8203646,False
5.0600325,1.8828325,0.0350539,0.1517361,0.2310189,0.8183246,False
5.06128,1.88408,0.0354732,0.1518178,0.2336568,0.8162882,False
5.0625275,1.8853275,0.0358926,0.1518994,0.2362918,0.8142552,False
5.063775,1.886575,0.0363119,0.1519811,0.238924,0.8122258,False
5.0650225,1.8878225,0.0367313,0.1520629,0.2415533,0.8101999,False
5.06627,1.88907,0.0371506,0.1521446,0.2441797,0.8081775,False
5.0675175,1.8903175,0.03757,0.1522264,0.2468032,0.8061587,False
5.068765,1.891565,0.0379893,0.1523083,0.2494239,0.8041434,False
5.0700125,1.8928125,0.0384087,0.1523901,0.2520417,0.8021316,False
5.07126,1.89406,0.038828,0.152472,0.2546566,0.8001234,False
5.0725075,1.8953075,0.0392473,0.1525539,0.2572687,0.7981187,False
5.073755,1.896555,0.0396667,0.1526359,0.2598779,0.7961176,False
5.0750025,1.8978025,0.040086,0.1527178,0.2624843,0.7941201,False
5.07625,1.89905,0.0405054,0.1527998,0.2650878,0.7921261,False
5.0774975,1.9002975,0.0409247,0.1528819,0.2676885,0.7901357,False
5.078745,1.901545,0.0413441,0.1529639,0.2702864,0.7881489,False
5.0799925,1.9027925,0.0417634,0.153046,0.2728814,0.7861657,False
5.08124,1.90404,0.0421828,0.1531282,0.2754736,0.7841861,False
5.0824875,1.9052875,0.0426021,0.1532103,0.2780629,0.7822101,False
5.083735,1.906535,0.0430214,0.1532925,0.2806494,0.7802377,False
5.0849825,1.9077825,0.0434408,0.1533747,0.2832331,0.778269,False
5.08623,1.90903,0.0438601,0.1534569,0.285814,0.7763038,False
5.0874775,1.9102775,0.0442795,0.1535392,0.288392,0.7743422,False
5.088725,1.911525,0.0446988,0.1536215,0.2909672,0.7723843,False
5.0899725,1.9127725,0.0451182,0.1537038,0.2935396,0.77043,False
5.09122,1.91402,0.0455375,0.1537862,0.2961092,0.7684794,False
5.0924675,1.9152675,0.0459569,0.1538686,0.298676,0.7665324,False
5.093715,1.916515,0.0463762,0.153951,0.30124,0.764589,False
5.0949625,1.9177625,0.0467955,0.1540335,0.3038012,0.7626493,False
5.09621,1.91901,0.0472149,0.1541159,0.3063596,0.7607133,False
5.0974575,1.9202575,0.0476342,0.1541984,0.3089152,0.7587809,False
5.098705,1.921505,0.0480536,0.154281,0.311468,0.7568522,False
5.0999525,1.9227525,0.0484729,0.1543635,0.314018,0.7549271,False
5.1012,1.924,0.0488923,0.1544461,0.3165652,0.7530057,False
5.1024475,1.9252475,0.0493116,0.1545287,0.3191097,0.751088,False
5.103695,1.926495,0.049731,0.1546114,0.3216513,0.7491739,False
5.1049425,1.9277425,0.0501503,0.1546941,0.3241902,0.7472636,False
5.10619,1.92899,0.0505696,0.1547768,0.3267263,0.7453569,False
5.1074375,1.9302375,0.050989,0.1548595,0.3292597,0.7434539,False
5.108685,1.931485,0.0514083,0.1549423,0.3317903,0.7415547,False
5.1099325,1.9327325,0.0518277,0.1550251,0.3343181,0.7396591,False
5.11118,1.93398,0.052247,0.1551079,0.3368431,0.7377672,False
5.1124275,1.9352275,0.0526664,0.1551907,0.3393654,0.735879,False
5.113675,1.936475,0.0530857,0.1552736,0.341885,0.7339945,False
5.1149225,1.9377225,0.0535051,0.1553565,0.3444018,0.7321137,False
5.11617,1.93897,0.0539244,0.1554394,0.3469158,0.7302367,False
5.1174175,1.9402175,0.0543437,0.1555224,0.3494271,0.7283633,False
5.118665,1.941465,0.0547631,0.1556054,0.3519357,0.7264937,False
5.1199125,1.9427125,0.0551824,0.1556884,0.3544415,0.7246278,False
5.12116,1.94396,0.0556018,0.1557714,0.3569446,0.7227656,False
5.1224075,1.9452075,0.0560211,0.1558545,0.359445,0.7209071,False
5.123655,1.946455,0.0564405,0.1559376,0.3619426,0.7190524,False
5.1249025,1.9477025,0.0568598,0.1560208,0.3644375,0.7172014,False
5.12615,1.94895,0.0572792,0.1561039,0.3669297,0.7153541,False
5.1273975,1.9501975,0.0576985,0.1561871,0.3694191,0.7135105,False
5.128645,1.951445,0.0581178,0.1562703,0.3719059,0.7116707,False
5.1298925,1.9526925,0.0585372,0.1563535,0.3743899,0.7098346,False
5.13114,1.95394,0.0589565,0.1564368,0.3768712,0.7080023,False
5.1323875,1.9551875,0.0593759,0.1565201,0.3793498,0.7061737,False
5.133635,1.956435,0.0597952,0.1566034,0.3818257,0.7043489,False
5.1348825,1.9576825,0.0602146,0.1566868,0.3842989,0.7025278,False
5.13613,1.95893,0.0606339,0.1567702,0.3867694,0.7007104,False
5.1373775,1.9601775,0.0610533,0.1568536,0.3892373,0.6988968,False
5.138625,1.961425,0.0614726,0.156937,0.3917024,0.6970869,False
5.1398725,1.9626725,0.0618919,0.1570205,0.3941648,0.6952808,False
5.14112,1.96392,0.0623113,0.157104,0.3966246,0.6934784,False
5.1423675,1.9651675,0.0627306,0.1571875,0.3990816,0.6916798,False
5.143615,1.966415,0.06315,0.157271,0.401536,0.689885,False
5.1448625,1.9676625,0.0635693,0.1573546,0.4039877,0.6880938,False
5.14611,1.96891,0.0639887,0.1574382,0.4064368,0.6863065,False
5.1473575,1.9701575,0.064408,0.1575218,0.4088831,0.6845229,False
5.148605,1.971405,0.0648274,0.1576055,0.4113268,0.6827431,False
5.1498525,1.9726525,0.0652467,0.1576891,0.4137679,0.680967,False
5.1511,1.9739,0.065666,0.1577728,0.4162062,0.6791947,False
5.1523475,1.9751475,0.0660854,0.1578566,0.4186419,0.6774261,False
5.153595,1.976395,0.0665047,0.1579403,0.421075,0.6756613,False
5.1548425,1.9776425,0.0669241,0.1580241,0.4235054,0.6739002,False
5.15609,1.97889,0.0673434,0.1581079,0.4259332,0.672143,False
5.1573375,1.9801375,0.0677628,0.1581918,0.4283583,0.6703894,False
5.158585,1.981385,0.0681821,0.1582757,0.4307808,0.6686397,False
5.1598325,1.9826325,0.0686015,0.1583595,0.4332006,0.6668937,False
5.16108,1.98388,0.0690208,0.1584435,0.4356178,0.6651514,False
5.1623275,1.9851275,0.0694401,0.1585274,0.4380324,0.6634129,False
5.163575,1.986375,0.0698595,0.1586114,0.4404443,0.6616782,False
5.1648225,1.9876225,0.0702788,0.1586954,0.4428536,0.6599472,False
5.16607,1.98887,0.0706982,0.1587794,0.4452603,0.65822,False
5.1673175,1.9901175,0.0711175,0.1588635,0.4476644,0.6564966,False
5.168565,1.991365,0.0715369,0.1589476,0.4500658,0.6547769,False
5.1698125,1.9926125,0.0719562,0.1590317,0.4524647,0.653061,False
5.17106,1.99386,0.0723756,0.1591158,0.4548609,0.6513488,False
5.1723075,1.9951075,0.0727949,0.1592,0.4572545,0.6496404,False
5.173555,1.996355,0.0732142,0.1592841,0.4596455,0.6479357,False
5.1748025,1.9976025,0.0736336,0.1593684,0.4620339,0.6462349,False
5.17605,1.99885,0.0740529,0.1594526,0.4644197,0.6445377,False
5.1772975,2.0000975,0.0744723,0.1595369,0.4668029,0.6428443,False
5.178545,2.001345,0.0748916,0.1596211,0.4691836,0.6411547,False
5.1797925,2.0025925,0.075311,0.1597055,0.4715616,0.6394688,False
5.18104,2.00384,0.0757303,0.1597898,0.473937,0.6377867,False
5.1822875,2.0050875,0.0761497,0.1598742,0.4763099,0.6361083,False
5.183535,2.006335,0.076569,0.1599586,0.4786802,0.6344337,False
5.1847825,2.0075825,0.0769883,0.160043,0.4810479,0.6327628,False
5.18603,2.00883,0.0774077,0.1601274,0.483413,0.6310957,False
5.1872775,2.0100775,0.077827,0.1602119,0.4857756,0.6294323,False
5.188525,2.011325,0.0782464,0.1602964,0.4881355,0.6277727,False
5.1897725,2.0125725,0.0786657,0.1603809,0.490493,0.6261168,False
5.19102,2.01382,0.0790851,0.1604655,0.4928478,0.6244646,False
5.1922675,2.0150675,0.0795044,0.1605501,0.4952001,0.6228162,False
5.193515,2.016315,0.0799238,0.1606347,0.4975499,0.6211715,False
5.1947625,2.0175625,0.0803431,0.1607193,0.499897,0.6195306,False
5.19601,2.01881,0.0807624,0.1608039,0.5022417,0.6178934,False
5.1972575,2.0200575,0.0811818,0.1608886,0.5045838,0.6162599,False
5.198505,2.021305,0.0816011,0.1609733,0.5069233,0.6146302,False
5.1997525,2.0225525,0.0820205,0.161058,0.5092603,0.6130041,False
5.201,2.0238,0.0824398,0.1611428,0.5115948,0.6113819,False
5.2022475,2.0250475,0.0828592,0.1612276,0.5139267,0.6097633,False
5.203495,2.026295,0.0832785,0.1613124,0.5162561,0.6081485,False
5.2047425,2.0275425,0.0836979,0.1613972,0.518583,0.6065374,False
5.20599,2.02879,0.0841172,0.1614821,0.5209073,0.60493,False
5.2072375,2.0300375,0.0845365,0.1615669,0.5232292,0.6033263,False
5.208485,2.031285,0.0849559,0.1616518,0.5255485,0.6017263,False
5.2097325,2.0325325,0.0853752,0.1617368,0.5278653,0.6001301,False
5.21098,2.03378,0.0857946,0.1618217,0.5301795,0.5985376,False
5.2122275,2.0350275,0.0862139,0.1619067,0.5324913,0.5969487,False
5.213475,2.036275,0.0866333,0.1619917,0.5348005,0.5953636,False
5.2147225,2.0375225,0.0870526,0.1620768,0.5371073,0.5937822,False
5.21597,2.03877,0.0874719,0.1621618,0.5394115,0.5922045,False
5.2172175,2.0400175,0.0878913,0.1622469,0.5417133,0.5906304,False
5.218465,2.041265,0.0883106,0.162332,0.5440125,0.5890601,False
5.2197125,2.0425125,0.08873,0.1624171,0.5463093,0.5874935,False
5.22096,2.04376,0.0891493,0.1625023,0.5486036,0.5859305,False
5.2222075,2.0450075,0.0895687,0.1625875,0.5508953,0.5843713,False
5.223455,2.046255,0.089988,0.1626727,0.5531846,0.5828157,False
5.2247025,2.0475025,0.0904074,0.1627579,0.5554715,0.5812638,False
5.22595,2.04875,0.0908267,0.1628431,0.5577558,0.5797156,False
5.2271975,2.0499975,0.091246,0.1629284,0.5600377,0.578171,False
5.228445,2.051245,0.0916654,0.1630137,0.562317,0.5766302,False
5.2296925,2.0524925,0.0920847,0.163099,0.564594,0.575093,False
5.23094,2.05374,0.0925041,0.1631844,0.5668684,0.5735594,False
5.2321875,2.0549875,0.0929234,0.1632698,0.5691404,0.5720296,False
5.233435,2.056235,0.0933428,0.1633552,0.5714099,0.5705034,False
5.2346825,2.0574825,0.0937621,0.1634406,0.573677,0.5689808,False
5.23593,2.05873,0.0941815,0.163526,0.5759416,0.5674619,False
5.2371775,2.0599775,0.0946008,0.1636115,0.5782038,0.5659466,False
5.238425,2.061225,0.0950201,0.163697,0.5804635,0.564435,False
5.2396725,2.0624725,0.0954395,0.1637825,0.5827208,0.562927,False
5.24092,2.06372,0.0958588,0.1638681,0.5849756,0.5614227,False
5.2421675,2.0649675,0.0962782,0.1639537,0.587228,0.559922,False
5.243415,2.066215,0.0966975,0.1640392,0.589478,0.558425,False
5.2446625,2.0674625,0.0971169,0.1641249,0.5917255,0.5569315,False
5.24591,2.06871,0.0975362,0.1642105,0.5939706,0.5554417,False
5.2471575,2.0699575,0.0979556,0.1642962,0.5962133,0.5539555,False
5.248405,2.071205,0.0983749,0.1643819,0.5984535,0.5524729,False
5.2496525,2.0724525,0.0987942,0.1644676,0.6006914,0.550994,False
5.2509,2.0737,0.0992136,0.1645533,0.6029268,0.5495186,False
5.2521475,2.0749475,0.0996329,0.1646391,0.6051597,0.5480469,False
5.253395,2.076195,0.1000523,0.1647249,0.6073903,0.5465787,False
5.2546425,2.0774425,0.1004716,0.1648107,0.6096185,0.5451142,False
5.25589,2.07869,0.100891,0.1648965,0.6118442,0.5436532,False
5.2571375,2.0799375,0.1013103,0.1649823,0.6140676,0.5421959,False
5.258385,2.081185,0.1017297,0.1650682,0.6162885,0.5407421,False
5.2596325,2.0824325,0.102149,0.1651541,0.6185071,0.5392919,False
5.26088,2.08368,0.1025683,0.1652401,0.6207233,0.5378453,False
5.2621275,2.0849275,0.1029877,0.165326,0.622937,0.5364022,False
5.263375,2.086175,0.103407,0.165412,0.6251484,0.5349628,False
5.2646225,2.0874225,0.1038264,0.165498,0.6273574,0.5335268,False
5.26587,2.08867,0.1042457,0.165584,0.629564,0.5320945,False
5.2671175,2.0899175,0.1046651,0.16567,0.6317682,0.5306657,False
5.268365,2.091165,0.1050844,0.1657561,0.6339701,0.5292405,False
5.2696125,2.0924125,0.1055038,0.1658422,0.6361696,0.5278188,False
5.27086,2.09366,0.1059231,0.1659283,0.6383667,0.5264006,False
5.2721075,2.0949075,0.1063424,0.1660144,0.6405614,0.524986,False
5.273355,2.096155,0.1067618,0.1661006,0.6427538,0.5235749,False
5.2746025,2.0974025,0.1071811,0.1661868,0.6449438,0.5221674,False
5.27585,2.09865,0.1076005,0.166273,0.6471314,0.5207633,False
5.2770975,2.0998975,0.1080198,0.1663592,0.6493167,0.5193628,False
5.278345,2.101145,0.1084392,0.1664455,0.6514996,0.5179658,False
5.2795925,2.1023925,0.1088585,0.1665317,0.6536802,0.5165724,False
5.28084,2.10364,0.1092779,0.166618,0.6558585,0.5151824,False
5.2820875,2.1048875,0.1096972,0.1667044,0.6580343,0.5137959,False
5.283335,2.106135,0.1101165,0.1667907,0.6602079,0.512413,False
5.2845825,2.1073825,0.1105359,0.1668771,0.6623791,0.5110335,False
5.28583,2.10863,0.1109552,0.1669635,0.664548,0.5096575,False
5.2870775,2.1098775,0.1113746,0.1670499,0.6667145,0.508285,False
5.288325,2.111125,0.1117939,0.1671363,0.6688787,0.506916,False
5.2895725,2.1123725,0.1122133,0.1672228,0.6710406,0.5055504,False
5.29082,2.11362,0.1126326,0.1673093,0.6732001,0.5041883,False
5.2920675,2.1148675,0.113052,0.1673958,0.6753574,0.5028297,False
5.293315,2.116115,0.1134713,0.1674823,0.6775123,0.5014745,False
5.2945625,2.1173625,0.1138906,0.1675688,0.6796648,0.5001228,False
5.29581,2.11861,0.11431,0.1676554,0.6818151,0.4987746,False
5.2970575,2.1198575,0.1147293,0.167742,0.6839631,0.4974298,False
5.298305,2.121105,0.1151487,0.1678286,0.6861087,0.4960884,False
5.2995525,2.1223525,0.115568,0.1679152,0.6882521,0.4947504,False
5.3008,2.1236,0.1159874,0.1680019,0.6903931,0.4934159,False
5.3020475,2.1248475,0.1164067,0.1680886,0.6925319,0.4920848,False
5.303295,2.126095,0.1168261,0.1681753,0.6946683,0.4907572,False
5.3045425,2.1273425,0.1172454,0.168262,0.6968025,0.4894329,False
5.30579,2.12859,0.1176647,0.1683488,0.6989344,0.4881121,False
5.3070375,2.1298375,0.1180841,0.1684355,0.7010639,0.4867946,False
5.308285,2.131085,0.1185034,0.1685223,0.7031912,0.4854806,False
5.3095325,2.1323325,0.1189228,0.1686092,0.7053162,0.4841699,False
5.31078,2.13358,0.1193421,0.168696,0.707439,0.4828626,False
5.3120275,2.1348275,0.1197615,0.1687829,0.7095594,0.4815588,False
5.313275,2.136075,0.1201808,0.1688697,0.7116776,0.4802582,False
5.3145225,2.1373225,0.1206002,0.1689566,0.7137935,0.4789611,False
5.31577,2.13857,0.1210195,0.1690436,0.7159071,0.4776673,False
5.3170175,2.1398175,0.1214388,0.1691305,0.7180185,0.4763769,False
5.318265,2.141065,0.1218582,0.1692175,0.7201276,0.4750899,False
5.3195125,2.1423125,0.1222775,0.1693045,0.7222345,0.4738061,False
5.32076,2.14356,0.1226969,0.1693915,0.7243391,0.4725258,False
5.3220075,2.1448075,0.1231162,0.1694785,0.7264414,0.4712488,False
5.323255,2.146055,0.1235356,0.1695656,0.7285415,0.4699751,False
5.3245025,2.1473025,0.1239549,0.1696527,0.7306393,0.4687047,False
5.32575,2.14855,0.1243743,0.1697398,0.7327349,0.4674377,False
5.3269975,2.1497975,0.1247936,0.1698269,0.7348282,0.4661739,False
5.328245,2.151045,0.1252129,0.169914,0.7369194,0.4649135,False
5.3294925,2.1522925,0.1256323,0.1700012,0.7390082,0.4636564,False
5.33074,2.15354,0.1260516,0.1700884,0.7410948,0.4624026,False
5.3319875,2.1547875,0.126471,0.1701756,0.7431792,0.4611521,False
5.333235,2.156035,0.1268903,0.1702628,0.7452614,0.4599048,False
5.3344825,2.1572825,0.1273097,0.1703501,0.7473414,0.4586609,False
5.33573,2.15853,0.127729,0.1704374,0.7494191,0.4574202,False
5.3369775,2.1597775,0.1281484,0.1705247,0.7514946,0.4561828,False
5.338225,2.161025,0.1285677,0.170612,0.7535679,0.4549487,False
5.3394725,2.1622725,0.128987,0.1706993,0.7556389,0.4537178,False
5.34072,2.16352,0.1294064,0.1707867,0.7577078,0.4524902,False
5.3419675,2.1647675,0.1298257,0.170874,0.7597744,0.4512659,False
5.343215,2.166015,0.1302451,0.1709614,0.7618389,0.4500447,False
5.3444625,2.1672625,0.1306644,0.1710489,0.7639011,0.4488269,False
5.34571,2.16851,0.1310838,0.1711363,0.7659611,0.4476122,False
5.3469575,2.1697575,0.1315031,0.1712238,0.7680189,0.4464008,False
5.348205,2.171005,0.1319225,0.1713113,0.7700746,0.4451926,False
5.3494525,2.1722525,0.1323418,0.1713988,0.772128,0.4439876,False
5.3507,2.1735,0.1327611,0.1714863,0.7741793,0.4427858,False
5.3519475,2.1747475,0.1331805,0.1715739,0.7762283,0.4415872,False
5.353195,2.175995,0.1335998,0.1716614,0.7782752,0.4403918,False
5.3544425,2.1772425,0.1340192,0.171749,0.7803199,0.4391996,False
5.35569,2.17849,0.1344385,0.1718366,0.7823624,0.4380106,False
5.3569375,2.1797375,0.1348579,0.1719243,0.7844027,0.4368248,False
5.358185,2.180985,0.1352772,0.1720119,0.7864409,0.4356421,False
5.3594325,2.1822325,0.1356966,0.1720996,0.7884769,0.4344626,False
5.36068,2.18348,0.1361159,0.1721873,0.7905107,0.4332863,False
5.3619275,2.1847275,0.1365352,0.172275,0.7925424,0.4321131,False
5.363175,2.185975,0.1369546,0.1723627,0.7945719,0.4309431,False
5.3644225,2.1872225,0.1373739,0.1724505,0.7965992,0.4297762,False
5.36567,2.18847,0.1377933,0.1725383,0.7986244,0.4286124,False
5.3669175,2.1897175,0.1382126,0.1726261,0.8006474,0.4274518,False
5.368165,2.190965,0.138632,0.1727139,0.8026682,0.4262943,False
5.3694125,2.1922125,0.1390513,0.1728017,0.804687,0.4251399,False
5.37066,2.19346,0.1394706,0.1728896,0.8067035,0.4239887,False
5.3719075,2.1947075,0.13989,0.1729775,0.8087179,0.4228405,False
5.373155,2.195955,0.1403093,0.1730654,0.8107302,0.4216954,False
5.3744025,2.1972025,0.1407287,0.1731533,0.8127404,0.4205535,False
5.37565,2.19845,0.141148,0.1732412,0.8147484,0.4194146,False
5.3768975,2.1996975,0.1415674,0.1733292,0.8167542,0.4182788,False
5.378145,2.200945,0.1419867,0.1734172,0.818758,0.4171461,False
5.3793925,2.2021925,0.1424061,0.1735052,0.8207596,0.4160165,False
5.38064,2.20344,0.1428254,0.1735932,0.8227591,0.4148899,False
5.3818875,2.2046875,0.1432447,0.1736813,0.8247565,0.4137664,False
5.383135,2.205935,0.1436641,0.1737693,0.8267517,0.4126459,False
5.3843825,2.2071825,0.1440834,0.1738574,0.8287448,0.4115285,False
5.38563,2.20843,0.1445028,0.1739455,0.8307358,0.4104141,False
5.3868775,2.2096775,0.1449221,0.1740337,0.8327247,0.4093027,False
5.388125,2.210925,0.1453415,0.1741218,0.8347115,0.4081944,False
5.3893725,2.2121725,0.1457608,0.17421,0.8366962,0.4070891,False
5.39062,2.21342,0.1461802,0.1742981,0.8386788,0.4059868,False
5.3918675,2.2146675,0.1465995,0.1743864,0.8406593,0.4048875,False
5.393115,2.215915,0.1470188,0.1744746,0.8426376,0.4037912,False
5.3943625,2.2171625,0.1474382,0.1745628,0.8446139,0.4026979,False
5.39561,2.21841,0.1478575,0.1746511,0.8465881,0.4016076,False
5.3968575,2.2196575,0.1482769,0.1747394,0.8485602,0.4005203,False
5.398105,2.220905,0.1486962,0.1748277,0.8505302,0.399436,False
5.3993525,2.2221525,0.1491156,0.174916,0.8524981,0.3983546,False
5.4006,2.2234,0.1495349,0.1750044,0.854464,0.3972762,False
5.4018475,2.2246475,0.1499543,0.1750927,0.8564277,0.3962008,False
5.403095,2.225895,0.1503736,0.1751811,0.8583894,0.3951283,False
5.4043425,2.2271425,0.1507929,0.1752695,0.860349,0.3940588,False
5.40559,2.22839,0.1512123,0.1753579,0.8623065,0.3929922,False
5.4068375,2.2296375,0.1516316,0.1754464,0.864262,0.3919285,False
5.408085,2.230885,0.152051,0.1755348,0.8662154,0.3908678,False
5.4093325,2.2321325,0.1524703,0.1756233,0.8681667,0.38981,False
5.41058,2.23338,0.1528897,0.1757118,0.870116,0.388755,False
5.4118275,2.2346275,0.153309,0.1758003,0.8720632,0.3877031,False
5.413075,2.235875,0.1537284,0.1758889,0.8740083,0.386654,False
5.4143225,2.2371225,0.1541477,0.1759774,0.8759514,0.3856078,False
5.41557,2.23837,0.154567,0.176066,0.8778925,0.3845645,False
5.4168175,2.2396175,0.1549864,0.1761546,0.8798315,0.383524,False
5.418065,2.240865,0.1554057,0.1762433,0.8817684,0.3824865,False
5.4193125,2.2421125,0.1558251,0.1763319,0.8837033,0.3814518,False
5.42056,2.24336,0.1562444,0.1764205,0.8856362,0.38042,False
5.4218075,2.2446075,0.1566638,0.1765092,0.887567,0.3793911,False
5.423055,2.245855,0.1570831,0.1765979,0.8894958,0.378365,False
5.4243025,2.2471025,0.1575025,0.1766866,0.8914226,0.3773417,False
5.42555,2.24835,0.1579218,0.1767754,0.8933473,0.3763213,False
5.4267975,2.2495975,0.1583411,0.1768641,0.89527,0.3753037,False
5.428045,2.250845,0.1587605,0.1769529,0.8971907,0.374289,False
5.4292925,2.2520925,0.1591798,0.1770417,0.8991093,0.373277,False
5.43054,2.25334,0.1595992,0.1771305,0.9010259,0.3722679,False
5.4317875,2.2545875,0.1600185,0.1772193,0.9029405,0.3712616,False
5.433035,2.255835,0.1604379,0.1773082,0.9048531,0.3702581,False
5.4342825,2.2570825,0.1608572,0.1773971,0.9067637,0.3692574,False
5.43553,2.25833,0.1612766,0.1774859,0.9086723,0.3682595,False
5.4367775,2.2595775,0.1616959,0.1775749,0.9105788,0.3672643,False
5.438025,2.260825,0.1621152,0.1776638,0.9124834,0.366272,False
5.4392725,2.2620725,0.1625346,0.1777527,0.9143859,0.3652824,False
5.44052,2.26332,0.1629539,0.1778417,0.9162865,0.3642955,False
5.4417675,2.2645675,0.1633733,0.1779307,0.918185,0.3633115,False
5.443015,2.265815,0.1637926,0.1780197,0.9200816,0.3623302,False
5.4442625,2.2670625,0.164212,0.1781087,0.9219762,0.3613516,False
5.44551,2.26831,0.1646313,0.1781977,0.9238687,0.3603757,False
5.4467575,2.2695575,0.1650507,0.1782868,0.9257593,0.3594026,False
5.448005,2.270805,0.16547,0.1783759,0.9276479,0.3584323,False
5.4492525,2.2720525,0.1658893,0.178465,0.9295346,0.3574646,False
5.4505,2.2733,0.1663087,0.1785541,0.9314192,0.3564997,False
5.4517475,2.2745475,0.166728,0.1786432,0.9333019,0.3555374,False
5.452995,2.275795,0.1671474,0.1787324,0.9351825,0.3545779,False
5.4542425,2.2770425,0.1675667,0.1788215,0.9370613,0.353621,False
5.45549,2.27829,0.1679861,0.1789107,0.938938,0.3526669,False
5.4567375,2.2795375,0.1684054,0.1789999,0.9408128,0.3517154,False
5.457985,2.280785,0.1688248,0.1790891,0.9426856,0.3507666,False
5.4592325,2.2820325,0.1692441,0.1791784,0.9445564,0.3498205,False
5.46048,2.28328,0.1696634,0.1792676,0.9464253,0.348877,False
5.4617275,2.2845275,0.1700828,0.1793569,0.9482923,0.3479362,False
5.462975,2.285775,0.1705021,0.1794462,0.9501572,0.346998,False
5.4642225,2.2870225,0.1709215,0.1795355,0.9520203,0.3460625,False
5.46547,2.28827,0.1713408,0.1796249,0.9538813,0.3451296,False
5.4667175,2.2895175,0.1717602,0.1797142,0.9557405,0.3441994,False
5.467965,2.290765,0.1721795,0.1798036,0.9575976,0.3432718,False
5.4692125,2.2920125,0.1725989,0.179893,0.9594529,0.3423468,False
5.47046,2.29326,0.1730182,0.1799824,0.9613062,0.3414244,False
5.4717075,2.2945075,0.1734375,0.1800718,0.9631575,0.3405046,False
5.472955,2.295755,0.1738569,0.1801613,0.965007,0.3395874,False
5.4742025,2.2970025,0.1742762,0.1802507,0.9668545,0.3386728,False
5.47545,2.29825,0.1746956,0.1803402,0.9687,0.3377608,False
5.4766975,2.2994975,0.1751149,0.1804297,0.9705437,0.3368514,False
5.477945,2.300745,0.1755343,0.1805192,0.9723854,0.3359445,False
5.4791925,2.3019925,0.1759536,0.1806088,0.9742252,0.3350403,False
5.48044,2.30324,0.176373,0.1806983,0.976063,0.3341386,False
5.4816875,2.3044875,0.1767923,0.1807879,0.977899,0.3332394,False
5.482935,2.305735,0.1772116,0.1808775,0.979733,0.3323428,False
5.4841825,2.3069825,0.177631,0.1809671,0.9815651,0.3314487,False
5.48543,2.30823,0.1780503,0.1810567,0.9833953,0.3305572,False
5.4866775,2.3094775,0.1784697,0.1811464,0.9852236,0.3296682,False
5.487925,2.310725,0.178889,0.181236,0.98705,0.3287817,False
5.4891725,2.3119725,0.1793084,0.1813257,0.9888745,0.3278978,False
5.49042,2.31322,0.1797277,0.1814154,0.9906971,0.3270163,False
5.4916675,2.3144675,0.1801471,0.1815051,0.9925178,0.3261374,False
5.492915,2.315715,0.1805664,0.1815948,0.9943366,0.325261,False
5.4941625,2.3169625,0.1809857,0.1816846,0.9961535,0.324387,False
5.49541,2.31821,0.1814051,0.1817744,0.9979685,0.3235156,False
5.4966575,2.3194575,0.1818244,0.1818641,0.9997816,0.3226466,False
5.497905,2.320705,0.1822438,0.1819539,1.0015929,0.3217801,False
5.4991525,2.3219525,0.1826631,0.1820438,1.0034022,0.3209161,False
5.5004,2.3232,0.1830825,0.1821336,1.0052097,0.3200545,False
5.5016475,2.3244475,0.1835018,0.1822235,1.0070153,0.3191954,False
5.502895,2.325695,0.1839212,0.1823133,1.008819,0.3183388,False
5.5041425,2.3269425,0.1843405,0.1824032,1.0106208,0.3174845,False
5.50539,2.32819,0.1847598,0.1824931,1.0124208,0.3166328,False
5.5066375,2.3294375,0.1851792,0.1825831,1.0142189,0.3157834,False
5.507885,2.330685,0.1855985,0.182673,1.0160151,0.3149365,False
5.5091325,2.3319325,0.1860179,0.182763,1.0178095,0.314092,False
5.51038,2.33318,0.1864372,0.1828529,1.019602,0.31325,False
5.5116275,2.3344275,0.1868566,0.1829429,1.0213927,0.3124103,False
5.512875,2.335675,0.1872759,0.1830329,1.0231814,0.311573,False
5.5141225,2.3369225,0.1876953,0.183123,1.0249684,0.3107381,False
5.51537,2.33817,0.1881146,0.183213,1.0267534,0.3099056,False
5.5166175,2.3394175,0.1885339,0.1833031,1.0285367,0.3090755,False
5.517865,2.340665,0.1889533,0.1833932,1.0303181,0.3082478,False
5.5191125,2.3419125,0.1893726,0.1834833,1.0320976,0.3074225,False
5.52036,2.34316,0.189792,0.1835734,1.0338753,0.3065995,False
5.5216075,2.3444075,0.1902113,0.1836635,1.0356511,0.3057789,False
5.522855,2.345655,0.1906307,0.1837537,1.0374251,0.3049606,False
5.5241025,2.3469025,0.19105,0.1838438,1.0391973,0.3041446,False
5.52535,2.34815,0.1914693,0.183934,1.0409677,0.3033311,False
5.5265975,2.3493975,0.1918887,0.1840242,1.0427362,0.3025198,False
5.527845,2.350645,0.192308,0.1841144,1.0445028,0.3017109,False
5.5290925,2.3518925,0.1927274,0.1842047,1.0462677,0.3009043,False
5.53034,2.35314,0.1931467,0.1842949,1.0480307,0.3001,False
5.5315875,2.3543875,0.1935661,0.1843852,1.0497919,0.299298,False
5.532835,2.355635,0.1939854,0.1844755,1.0515513,0.2984983,False
5.5340825,2.3568825,0.1944048,0.1845658,1.0533089,0.297701,False
5.53533,2.35813,0.1948241,0.1846561,1.0550646,0.2969059,False
5.5365775,2.3593775,0.1952434,0.1847464,1.0568186,0.2961131,False
5.537825,2.360625,0.1956628,0.1848368,1.0585707,0.2953226,False
5.5390725,2.3618725,0.1960821,0.1849271,1.060321,0.2945344,False
5.54032,2.36312,0.1965015,0.1850175,1.0620695,0.2937484,False
5.5415675,2.3643675,0.1969208,0.1851079,1.0638162,0.2929647,False
5.542815,2.365615,0.1973402,0.1851984,1.0655611,0.2921832,False
5.5440625,2.3668625,0.1977595,0.1852888,1.0673042,0.291404,False
5.54531,2.36811,0.1981789,0.1853792,1.0690456,0.2906271,False
5.5465575,2.3693575,0.1985982,0.1854697,1.0707851,0.2898524,False
5.547805,2.370605,0.1990175,0.1855602,1.0725228,0.2890799,False
5.5490525,2.3718525,0.1994369,0.1856507,1.0742587,0.2883096,False
5.5503,2.3731,0.1998562,0.1857412,1.0759929,0.2875416,False
5.5515475,2.3743475,0.2002756,0.1858318,1.0777252,0.2867758,False
5.552795,2.375595,0.2006949,0.1859223,1.0794558,0.2860122,False
5.5540425,2.3768425,0.2011143,0.1860129,1.0811846,0.2852508,False
5.55529,2.37809,0.2015336,0.1861035,1.0829116,0.2844916,False
5.5565375,2.3793375,0.201953,0.1861941,1.0846369,0.2837346,False
5.557785,2.380585,0.2023723,0.1862847,1.0863604,0.2829797,False
5.5590325,2.3818325,0.2027916,0.1863753,1.0880821,0.2822271,False
5.56028,2.38308,0.203211,0.186466,1.089802,0.2814766,False
5.5615275,2.3843275,0.2036303,0.1865566,1.0915201,0.2807283,False
5.562775,2.385575,0.2040497,0.1866473,1.0932365,0.2799822,False
5.5640225,2.3868225,0.204469,0.186738,1.0949512,0.2792382,False
5.56527,2.38807,0.2048884,0.1868287,1.096664,0.2784964,False
5.5665175,2.3893175,0.2053077,0.1869195,1.0983752,0.2777567,False
5.567765,2.390565,0.2057271,0.1870102,1.1000845,0.2770191,False
5.5690125,2.3918125,0.2061464,0.187101,1.1017921,0.2762837,False
5.57026,2.39306,0.2065657,0.1871918,1.103498,0.2755504,False
5.5715075,2.3943075,0.2069851,0.1872826,1.1052021,0.2748193,False
5.572755,2.395555,0.2074044,0.1873734,1.1069044,0.2740902,False
5.5740025,2.3968025,0.2078238,0.1874642,1.1086051,0.2733633,False
5.57525,2.39805,0.2082431,0.1875551,1.1103039,0.2726385,False
5.5764975,2.3992975,0.2086625,0.1876459,1.1120011,0.2719157,False
5.577745,2.400545,0.2090818,0.1877368,1.1136964,0.2711951,False
5.5789925,2.4017925,0.2095012,0.1878277,1.1153901,0.2704765,False
5.58024,2.40304,0.2099205,0.1879186,1.117082,0.2697601,False
5.5814875,2.4042875,0.2103398,0.1880095,1.1187722,0.2690457,False
5.582735,2.405535,0.2107592,0.1881005,1.1204607,0.2683334,False
5.5839825,2.4067825,0.2111785,0.1881914,1.1221474,0.2676231,False
5.58523,2.40803,0.2115979,0.1882824,1.1238324,0.2669149,False
5.5864775,2.4092775,0.2120172,0.1883734,1.1255157,0.2662088,False
5.587725,2.410525,0.2124366,0.1884644,1.1271973,0.2655047,False
5.5889725,2.4117725,0.2128559,0.1885554,1.1288771,0.2648027,False
5.59022,2.41302,0.2132753,0.1886465,1.1305553,0.2641027,False
5.5914675,2.4142675,0.2136946,0.1887375,1.1322317,0.2634047,False
5.592715,2.415515,0.2141139,0.1888286,1.1339064,0.2627087,False
5.5939625,2.4167625,0.2145333,0.1889197,1.1355794,0.2620148,False
5.59521,2.41801,0.2149526,0.1890108,1.1372507,0.2613229,False
5.5964575,2.4192575,0.215372,0.1891019,1.1389203,0.260633,False
5.597705,2.420505,0.2157913,0.189193,1.1405882,0.2599451,False
5.5989525,2.4217525,0.2162107,0.1892842,1.1422543,0.2592592,False
5.6002,2.423,0.21663,0.1893753,1.1439188,0.2585753,False
5.6014475,2.4242475,0.2170494,0.1894665,1.1455816,0.2578933,False
5.602695,2.425495,0.2174687,0.1895577,1.1472427,0.2572134,False
5.6039425,2.4267425,0.217888,0.1896489,1.1489021,0.2565354,False
5.60519,2.42799,0.2183074,0.1897401,1.1505598,0.2558595,False
5.6064375,2.4292375,0.2187267,0.1898314,1.1522159,0.2551854,False
5.607685,2.430485,0.2191461,0.1899226,1.1538702,0.2545134,False
5.6089325,2.4317325,0.2195654,0.1900139,1.1555229,0.2538432,False
5.61018,2.43298,0.2199848,0.1901052,1.1571738,0.2531751,False
5.6114275,2.4342275,0.2204041,0.1901965,1.1588231,0.2525089,False
5.612675,2.435475,0.2208235,0.1902878,1.1604708,0.2518446,False
5.6139225,2.4367225,0.2212428,0.1903792,1.1621167,0.2511822,False
5.61517,2.43797,0.2216621,0.1904705,1.163761,0.2505218,False
5.6164175,2.4392175,0.2220815,0.1905619,1.1654036,0.2498633,False
5.617665,2.440465,0.2225008,0.1906532,1.1670445,0.2492067,False
5.6189125,2.4417125,0.2229202,0.1907446,1.1686838,0.2485521,False
5.62016,2.44296,0.2233395,0.1908361,1.1703214,0.2478993,False
5.6214075,2.4442075,0.2237589,0.1909275,1.1719574,0.2472484,False
5.622655,2.445455,0.2241782,0.1910189,1.1735916,0.2465995,False
5.6239025,2.4467025,0.2245976,0.1911104,1.1752243,0.2459524,False
5.62515,2.44795,0.2250169,0.1912018,1.1768552,0.2453072,False
5.6263975,2.4491975,0.2254362,0.1912933,1.1784846,0.2446639,False
5.627645,2.450445,0.2258556,0.1913848,1.1801122,0.2440224,False
5.6288925,2.4516925,0.2262749,0.1914764,1.1817383,0.2433829,False
5.63014,2.45294,0.2266943,0.1915679,1.1833626,0.2427452,False
5.6313875,2.4541875,0.2271136,0.1916594,1.1849854,0.2421093,False
5.632635,2.455435,0.227533,0.191751,1.1866064,0.2414753,False
5.6338825,2.4566825,0.2279523,0.1918426,1.1882259,0.2408432,False
5.63513,2.45793,0.2283717,0.1919342,1.1898437,0.2402128,False
5.6363775,2.4591775,0.228791,0.1920258,1.1914599,0.2395844,False
5.637625,2.460425,0.2292103,0.1921174,1.1930744,0.2389577,False
5.6388725,2.4616725,0.2296297,0.192209,1.1946873,0.2383329,False
5.64012,2.46292,0.230049,0.1923007,1.1962986,0.2377099,False
5.6413675,2.4641675,0.2304684,0.1923923,1.1979082,0.2370888,False
5.642615,2.465415,0.2308877,0.192484,1.1995162,0.2364694,False
5.6438625,2.4666625,0.2313071,0.1925757,1.2011226,0.2358518,False
5.64511,2.46791,0.2317264,0.1926674,1.2027274,0.2352361,False
5.6463575,2.4691575,0.2321458,0.1927592,1.2043306,0.2346221,False
5.647605,2.470405,0.2325651,0.1928509,1.2059321,0.23401,False
5.6488525,2.4716525,0.2329844,0.1929427,1.207532,0.2333996,False
5.6501,2.4729,0.2334038,0.1930344,1.2091303,0.232791,False
5.6513475,2.4741475,0.2338231,0.1931262,1.210727,0.2321841,False
5.652595,2.475395,0.2342425,0.193218,1.2123221,0.2315791,False
5.6538425,2.4766425,0.2346618,0.1933098,1.2139156,0.2309758,False
5.65509,2.47789,0.2350812,0.1934017,1.2155075,0.2303743,False
5.6563375,2.4791375,0.2355005,0.1934935,1.2170977,0.2297745,False
5.657585,2.480385,0.2359199,0.1935854,1.2186864,0.2291765,False
5.6588325,2.4816325,0.2363392,0.1936772,1.2202735,0.2285802,False
5.66008,2.48288,0.2367585,0.1937691,1.2218589,0.2279856,False
5.6613275,2.4841275,0.2371779,0.193861,1.2234428,0.2273928,False
5.662575,2.485375,0.2375972,0.1939529,1.2250251,0.2268018,False
5.6638225,2.4866225,0.2380166,0.1940449,1.2266058,0.2262124,False
5.66507,2.48787,0.2384359,0.1941368,1.2281849,0.2256248,False
5.6663175,2.4891175,0.2388553,0.1942288,1.2297624,0.2250389,False
5.667565,2.490365,0.2392746,0.1943208,1.2313384,0.2244547,False
5.6688125,2.4916125,0.239694,0.1944127,1.2329127,0.2238722,False
5.67006,2.49286,0.2401133,0.1945048,1.2344855,0.2232914,False
5.6713075,2.4941075,0.2405326,0.1945968,1.2360567,0.2227123,False
5.672555,2.495355,0.240952,0.1946888,1.2376263,0.2221348,False
5.6738025,2.4966025,0.2413713,0.1947809,1.2391943,0.2215591,False
5.67505,2.49785,0.2417907,0.1948729,1.2407608,0.2209851,False
5.6762975,2.4990975,0.24221,0.194965,1.2423257,0.2204127,False
5.677545,2.500345,0.2426294,0.1950571,1.243889,0.219842,False
5.6787925,2.5015925,0.2430487,0.1951492,1.2454508,0.219273,False
5.68004,2.50284,0.243468,0.1952413,1.247011,0.2187056,False
5.6812875,2.5040875,0.2438874,0.1953334,1.2485696,0.2181399,False
5.682535,2.505335,0.2443067,0.1954256,1.2501267,0.2175758,False
5.6837825,2.5065825,0.2447261,0.1955177,1.2516822,0.2170134,False
5.68503,2.50783,0.2451454,0.1956099,1.2532362,0.2164526,False
5.6862775,2.5090775,0.2455648,0.1957021,1.2547886,0.2158935,False
5.687525,2.510325,0.2459841,0.1957943,1.2563394,0.215336,False
5.6887725,2.5115725,0.2464035,0.1958865,1.2578887,0.2147801,False
5.69002,2.51282,0.2468228,0.1959788,1.2594365,0.2142258,False
5.6912675,2.5140675,0.2472421,0.196071,1.2609827,0.2136732,False
5.692515,2.515315,0.2476615,0.1961633,1.2625274,0.2131222,False
5.6937625,2.5165625,0.2480808,0.1962555,1.2640705,0.2125728,False
5.69501,2.51781,0.2485002,0.1963478,1.2656121,0.212025,False
5.6962575,2.5190575,0.2489195,0.1964401,1.2671521,0.2114788,False
5.697505,2.520305,0.2493389,0.1965325,1.2686906,0.2109341,False
5.6987525,2.5215525,0.2497582,0.1966248,1.2702276,0.2103911,False
5.7,2.5228,0.2501776,0.1967171,1.271763,0.2098497,False
